timeframe,dataset_id,bar_id,session_date,start_timestamp,end_timestamp,completion,actual_duration_minutes,open,high,low,close,volume,source_bar_count
5m,bbd21df977755393ba8f7c800d26a0bbe67ca6f60788c9226bde3d6828bc5795,905fd34279f2733e614103a6a52dba4d3ab5afed1edc4a1f8e8dec5b75327bcf,2024-06-24,2024-06-24T13:30:00+00:00,2024-06-24T13:35:00+00:00,completed,5,500,500.05,499.97,500.02,1000,1
5m,bbd21df977755393ba8f7c800d26a0bbe67ca6f60788c9226bde3d6828bc5795,9031cf5d462fc2170d5f0c1f8504a941965e90fd93e21fa001129934636d1330,2024-06-24,2024-06-24T13:35:00+00:00,2024-06-24T13:40:00+00:00,completed,5,500.01,500.06,499.98,500.03,1001,1
5m,bbd21df977755393ba8f7c800d26a0bbe67ca6f60788c9226bde3d6828bc5795,ac35e0ed26e9f4d3297fefd4856d966be29096680646fe301e010b2e99429869,2024-06-24,2024-06-24T13:40:00+00:00,2024-06-24T13:45:00+00:00,completed,5,500.02,500.07,499.99,500.04,1002,1
5m,bbd21df977755393ba8f7c800d26a0bbe67ca6f60788c9226bde3d6828bc5795,f5d4635e6dc18864bb40d8bb0b234b206b6550fe6af0864446ed9843b68db43c,2024-06-24,2024-06-24T13:45:00+00:00,2024-06-24T13:50:00+00:00,completed,5,500.03,500.08,500,500.05,1003,1
5m,bbd21df977755393ba8f7c800d26a0bbe67ca6f60788c9226bde3d6828bc5795,e54f4d54c6076bd872a31ee991f8be41b859a3aad56845a8bccd6b6846a593eb,2024-06-24,2024-06-24T13:50:00+00:00,2024-06-24T13:55:00+00:00,completed,5,500.04,500.09,500.01,500.06,1004,1
5m,bbd21df977755393ba8f7c800d26a0bbe67ca6f60788c9226bde3d6828bc5795,8f9f268f759201b7c34fbb35a393f919fdfa3880611b55b8393867c3c5e42dfa,2024-06-24,2024-06-24T13:55:00+00:00,2024-06-24T14:00:00+00:00,completed,5,500.05,500.1,500.02,500.07,1005,1
5m,bbd21df977755393ba8f7c800d26a0bbe67ca6f60788c9226bde3d6828bc5795,9d517e8d4283348e2b6676c6d530d1cd15e1eda768e88afaae7b66931a4d085f,2024-06-24,2024-06-24T14:00:00+00:00,2024-06-24T14:05:00+00:00,completed,5,500.06,500.11,500.03,500.08,1006,1
5m,bbd21df977755393ba8f7c800d26a0bbe67ca6f60788c9226bde3d6828bc5795,f2abd9f272aeb42148f762855a414aa68e6093ff24ee91958e04b93868c8dd39,2024-06-24,2024-06-24T14:05:00+00:00,2024-06-24T14:10:00+00:00,completed,5,500.07,500.12,500.04,500.09,1007,1
5m,bbd21df977755393ba8f7c800d26a0bbe67ca6f60788c9226bde3d6828bc5795,35a9bd797b7ad218c9edb2d8b854704a14d1d3b0fb15c930181cec8372574a46,2024-06-24,2024-06-24T14:10:00+00:00,2024-06-24T14:15:00+00:00,completed,5,500.08,500.13,500.05,500.1,1008,1
5m,bbd21df977755393ba8f7c800d26a0bbe67ca6f60788c9226bde3d6828bc5795,a3e7cd8b15d058cb3637e4a75a45a6b15ff57a9c15f2a886a7014e0d4c34d918,2024-06-24,2024-06-24T14:15:00+00:00,2024-06-24T14:20:00+00:00,completed,5,500.09,500.14,500.06,500.11,1009,1
5m,bbd21df977755393ba8f7c800d26a0bbe67ca6f60788c9226bde3d6828bc5795,b8e1bf7e4a93ccbac0ddff9cf7f3a2cc1477a44bbb646e8317dc65ac69e92334,2024-06-24,2024-06-24T14:20:00+00:00,2024-06-24T14:25:00+00:00,completed,5,500.1,500.15,500.07,500.12,1010,1
5m,bbd21df977755393ba8f7c800d26a0bbe67ca6f60788c9226bde3d6828bc5795,3e1d125507c1a4c23d7f4fd9fd9fd39b6e259acb5fb9f46bb556ff1de53ce868,2024-06-24,2024-06-24T14:25:00+00:00,2024-06-24T14:30:00+00:00,completed,5,500.11,500.16,500.08,500.13,1011,1
5m,bbd21df977755393ba8f7c800d26a0bbe67ca6f60788c9226bde3d6828bc5795,c5fa86a64625a2680134494cd027b3baaa424cfd320307788c3a63e677854183,2024-06-24,2024-06-24T14:30:00+00:00,2024-06-24T14:35:00+00:00,completed,5,500.12,500.17,500.09,500.14,1012,1
5m,bbd21df977755393ba8f7c800d26a0bbe67ca6f60788c9226bde3d6828bc5795,b2000a496f74e5f07492f219d815076a28b757a888e58ba5cbc66a91e92ea8e1,2024-06-24,2024-06-24T14:35:00+00:00,2024-06-24T14:40:00+00:00,completed,5,500.13,500.18,500.1,500.15,1013,1
5m,bbd21df977755393ba8f7c800d26a0bbe67ca6f60788c9226bde3d6828bc5795,8e1c0cd2316497f01d2e6a67626224a5fa8121ee75eb0f915c958393d85db593,2024-06-24,2024-06-24T14:40:00+00:00,2024-06-24T14:45:00+00:00,completed,5,500.14,500.19,500.11,500.16,1014,1
5m,bbd21df977755393ba8f7c800d26a0bbe67ca6f60788c9226bde3d6828bc5795,780892a153a4ea0da47f1cf05ecf6cd1c8787751454566034ddc222481b2c109,2024-06-24,2024-06-24T14:45:00+00:00,2024-06-24T14:50:00+00:00,completed,5,500.15,500.2,500.12,500.17,1015,1
5m,bbd21df977755393ba8f7c800d26a0bbe67ca6f60788c9226bde3d6828bc5795,82f99e2f4174ed2d147f0c81d6d15d61ab7b6351ab38b8a10c404860d26c8cf8,2024-06-24,2024-06-24T14:50:00+00:00,2024-06-24T14:55:00+00:00,completed,5,500.16,500.21,500.13,500.18,1016,1
5m,bbd21df977755393ba8f7c800d26a0bbe67ca6f60788c9226bde3d6828bc5795,b6bbcc5a5d55cc0493846b06848f708cf91057b3b52f4bcec68fe4b70660fedd,2024-06-24,2024-06-24T14:55:00+00:00,2024-06-24T15:00:00+00:00,completed,5,500.17,500.22,500.14,500.19,1017,1
5m,bbd21df977755393ba8f7c800d26a0bbe67ca6f60788c9226bde3d6828bc5795,e33c7affec50a990e49d145a33d1951345f1ae5e05c886cc4f8f9d52a1752271,2024-06-24,2024-06-24T15:00:00+00:00,2024-06-24T15:05:00+00:00,completed,5,500.18,500.23,500.15,500.2,1018,1
5m,bbd21df977755393ba8f7c800d26a0bbe67ca6f60788c9226bde3d6828bc5795,f6332c6c06e4139eefd98a7dd0b0a3c36b856aca3cae73693de01dcf16b02e01,2024-06-24,2024-06-24T15:05:00+00:00,2024-06-24T15:10:00+00:00,completed,5,500.19,500.24,500.16,500.21,1019,1
5m,bbd21df977755393ba8f7c800d26a0bbe67ca6f60788c9226bde3d6828bc5795,a415f3bc34aa38bbef392960a9f218821a2ea337e2adee0c8c67fa85076808e1,2024-06-24,2024-06-24T15:10:00+00:00,2024-06-24T15:15:00+00:00,completed,5,500.2,500.25,500.17,500.22,1020,1
5m,bbd21df977755393ba8f7c800d26a0bbe67ca6f60788c9226bde3d6828bc5795,451a559f43668a1004d47f09dcbfe4b909988f52b2f6043f2cd46a97bcc84811,2024-06-24,2024-06-24T15:15:00+00:00,2024-06-24T15:20:00+00:00,completed,5,500.21,500.26,500.18,500.23,1021,1
5m,bbd21df977755393ba8f7c800d26a0bbe67ca6f60788c9226bde3d6828bc5795,62941b410a29000b1296e45e14c10d2924caec6f2d767d67b6622edd5349bb81,2024-06-24,2024-06-24T15:20:00+00:00,2024-06-24T15:25:00+00:00,completed,5,500.22,500.27,500.19,500.24,1022,1
5m,bbd21df977755393ba8f7c800d26a0bbe67ca6f60788c9226bde3d6828bc5795,804fb4394e823a32264607728b768ee815cb1f41fdec6cb1ae0ab6bfead4e9c6,2024-06-24,2024-06-24T15:25:00+00:00,2024-06-24T15:30:00+00:00,completed,5,500.23,500.28,500.2,500.25,1023,1
5m,bbd21df977755393ba8f7c800d26a0bbe67ca6f60788c9226bde3d6828bc5795,cd7dcbf3bc3d7958f011f8510f109761ca801e0e604975568fffa5bdaae8909a,2024-06-24,2024-06-24T15:30:00+00:00,2024-06-24T15:35:00+00:00,completed,5,500.24,500.29,500.21,500.26,1024,1
5m,bbd21df977755393ba8f7c800d26a0bbe67ca6f60788c9226bde3d6828bc5795,562ccc8faad82a3891252ab75436150c8cde5406d86851ecec186630dcdafbf7,2024-06-24,2024-06-24T15:35:00+00:00,2024-06-24T15:40:00+00:00,completed,5,500.25,500.3,500.22,500.27,1025,1
5m,bbd21df977755393ba8f7c800d26a0bbe67ca6f60788c9226bde3d6828bc5795,c7fe45d937be4daa7ec442fcfd297bccb3cf0220e5feae569dc9859f0f25f093,2024-06-24,2024-06-24T15:40:00+00:00,2024-06-24T15:45:00+00:00,completed,5,500.26,500.31,500.23,500.28,1026,1
5m,bbd21df977755393ba8f7c800d26a0bbe67ca6f60788c9226bde3d6828bc5795,ab1e941402ace37791118d023477c16b5d65db35945881bcd49b7564cdffa426,2024-06-24,2024-06-24T15:45:00+00:00,2024-06-24T15:50:00+00:00,completed,5,500.27,500.32,500.24,500.29,1027,1
5m,bbd21df977755393ba8f7c800d26a0bbe67ca6f60788c9226bde3d6828bc5795,3068b5a5012e2fe5cdca3761f59738fb8cde994981153c9c4e655ba340237ef1,2024-06-24,2024-06-24T15:50:00+00:00,2024-06-24T15:55:00+00:00,completed,5,500.28,500.33,500.25,500.3,1028,1
5m,bbd21df977755393ba8f7c800d26a0bbe67ca6f60788c9226bde3d6828bc5795,7329b9b8b1b71edf8cb00da0dc36fe2bb9778f53d38ef877188fe562b0667922,2024-06-24,2024-06-24T15:55:00+00:00,2024-06-24T16:00:00+00:00,completed,5,500.29,500.34,500.26,500.31,1029,1
5m,bbd21df977755393ba8f7c800d26a0bbe67ca6f60788c9226bde3d6828bc5795,8400ec61d3051fb39db62a43077d35e94c0b91338d050e8497633d595385fdab,2024-06-24,2024-06-24T16:00:00+00:00,2024-06-24T16:05:00+00:00,completed,5,500.3,500.35,500.27,500.32,1030,1
5m,bbd21df977755393ba8f7c800d26a0bbe67ca6f60788c9226bde3d6828bc5795,e19b49bf53492d34fbc0378a57924edb848cb241c926b61f9a12a82670c82128,2024-06-24,2024-06-24T16:05:00+00:00,2024-06-24T16:10:00+00:00,completed,5,500.31,500.36,500.28,500.33,1031,1
5m,bbd21df977755393ba8f7c800d26a0bbe67ca6f60788c9226bde3d6828bc5795,044777ccf9086c2a6b0050f976cd50a8aaf8891de497229abc0ac63bb6bef7fc,2024-06-24,2024-06-24T16:10:00+00:00,2024-06-24T16:15:00+00:00,completed,5,500.32,500.37,500.29,500.34,1032,1
5m,bbd21df977755393ba8f7c800d26a0bbe67ca6f60788c9226bde3d6828bc5795,f2e73885c0b749f93d2280f8f6933dab18b704f6012938d891314617bde3c1d0,2024-06-24,2024-06-24T16:15:00+00:00,2024-06-24T16:20:00+00:00,completed,5,500.33,500.38,500.3,500.35,1033,1
5m,bbd21df977755393ba8f7c800d26a0bbe67ca6f60788c9226bde3d6828bc5795,0901c1078f9d48877bdbb6e63ca04a51f912c0754e7969ce5e1a0ae722e553c9,2024-06-24,2024-06-24T16:20:00+00:00,2024-06-24T16:25:00+00:00,completed,5,500.34,500.39,500.31,500.36,1034,1
5m,bbd21df977755393ba8f7c800d26a0bbe67ca6f60788c9226bde3d6828bc5795,7f7da6398e8e83c0f86829e328498dc902d7305518844a36775ec4bfd5a21533,2024-06-24,2024-06-24T16:25:00+00:00,2024-06-24T16:30:00+00:00,completed,5,500.35,500.4,500.32,500.37,1035,1
5m,bbd21df977755393ba8f7c800d26a0bbe67ca6f60788c9226bde3d6828bc5795,34b58f82666ea990febd56331afaa6daf9f757419070fca709d1e8c717629538,2024-06-24,2024-06-24T16:30:00+00:00,2024-06-24T16:35:00+00:00,completed,5,500.36,500.41,500.33,500.38,1036,1
5m,bbd21df977755393ba8f7c800d26a0bbe67ca6f60788c9226bde3d6828bc5795,91b95fc08af74977b655575f5b47f4095282e11d8167faa19d773de41c5824bd,2024-06-24,2024-06-24T16:35:00+00:00,2024-06-24T16:40:00+00:00,completed,5,500.37,500.42,500.34,500.39,1037,1
5m,bbd21df977755393ba8f7c800d26a0bbe67ca6f60788c9226bde3d6828bc5795,da3182a92830d1210991ef1363092868879c3e60b63078380be42aa53c2e2e82,2024-06-24,2024-06-24T16:40:00+00:00,2024-06-24T16:45:00+00:00,completed,5,500.38,500.43,500.35,500.4,1038,1
5m,bbd21df977755393ba8f7c800d26a0bbe67ca6f60788c9226bde3d6828bc5795,23ed12a3867a865cacdd3c4f0c1436887fe7f01fe5083fc927bfc4b84cd85c13,2024-06-24,2024-06-24T16:45:00+00:00,2024-06-24T16:50:00+00:00,completed,5,500.39,500.44,500.36,500.41,1039,1
5m,bbd21df977755393ba8f7c800d26a0bbe67ca6f60788c9226bde3d6828bc5795,5912c1c0c4249b07d457935550e6b7afe8851c0376db981b27fb03baa28f1781,2024-06-24,2024-06-24T16:50:00+00:00,2024-06-24T16:55:00+00:00,completed,5,500.4,500.45,500.37,500.42,1040,1
5m,bbd21df977755393ba8f7c800d26a0bbe67ca6f60788c9226bde3d6828bc5795,1d09b508f680a165767d93f9c96d9674a72b5dad4dde32382106de44b5501299,2024-06-24,2024-06-24T16:55:00+00:00,2024-06-24T17:00:00+00:00,completed,5,500.41,500.46,500.38,500.43,1041,1
5m,bbd21df977755393ba8f7c800d26a0bbe67ca6f60788c9226bde3d6828bc5795,9f1e41ffc139f1c270cb00fa19cb088cff568c99d4f7eb7383b0232516d761d9,2024-06-24,2024-06-24T17:00:00+00:00,2024-06-24T17:05:00+00:00,completed,5,500.42,500.47,500.39,500.44,1042,1
5m,bbd21df977755393ba8f7c800d26a0bbe67ca6f60788c9226bde3d6828bc5795,0d752f9a9cc5ee77e6d79efad19e7979a9e6c870ae17b71f655cda3cc4d7aef3,2024-06-24,2024-06-24T17:05:00+00:00,2024-06-24T17:10:00+00:00,completed,5,500.43,500.48,500.4,500.45,1043,1
5m,bbd21df977755393ba8f7c800d26a0bbe67ca6f60788c9226bde3d6828bc5795,47a4a0db9b52b6621b4318aeecf3072bf8153e6eb8eda082c97d111b77407654,2024-06-24,2024-06-24T17:10:00+00:00,2024-06-24T17:15:00+00:00,completed,5,500.44,500.49,500.41,500.46,1044,1
5m,bbd21df977755393ba8f7c800d26a0bbe67ca6f60788c9226bde3d6828bc5795,255d4839f59338c51250e0a0b54709d96ff9921b77010c7183578840be3f7087,2024-06-24,2024-06-24T17:15:00+00:00,2024-06-24T17:20:00+00:00,completed,5,500.45,500.5,500.42,500.47,1045,1
5m,bbd21df977755393ba8f7c800d26a0bbe67ca6f60788c9226bde3d6828bc5795,80871d63bc479e273ec28bb1f810caea723c7de34e0a6aa5703a489aa5d2e2b1,2024-06-24,2024-06-24T17:20:00+00:00,2024-06-24T17:25:00+00:00,completed,5,500.46,500.51,500.43,500.48,1046,1
5m,bbd21df977755393ba8f7c800d26a0bbe67ca6f60788c9226bde3d6828bc5795,12eb31603b66af688bae4894b6e7a5a115d49790bbb68d1a8fd8a8f40a652a79,2024-06-24,2024-06-24T17:25:00+00:00,2024-06-24T17:30:00+00:00,completed,5,500.47,500.52,500.44,500.49,1047,1
5m,bbd21df977755393ba8f7c800d26a0bbe67ca6f60788c9226bde3d6828bc5795,d19446b1153e6f67db0386ab3c55dd18b2940af38a7ce0b164784497c1fbe296,2024-06-24,2024-06-24T17:30:00+00:00,2024-06-24T17:35:00+00:00,completed,5,500.48,500.53,500.45,500.5,1048,1
5m,bbd21df977755393ba8f7c800d26a0bbe67ca6f60788c9226bde3d6828bc5795,2d6f1a6b16061940798dc84190c50b608c3ab6a70758e67beaca3b10b0fe0667,2024-06-24,2024-06-24T17:35:00+00:00,2024-06-24T17:40:00+00:00,completed,5,500.49,500.54,500.46,500.51,1049,1
5m,bbd21df977755393ba8f7c800d26a0bbe67ca6f60788c9226bde3d6828bc5795,fe196064f9d8bb04768594b524e0bcf0b02fa1d7c120eab952464e7e1e4f004f,2024-06-24,2024-06-24T17:40:00+00:00,2024-06-24T17:45:00+00:00,completed,5,500.5,500.55,500.47,500.52,1050,1
5m,bbd21df977755393ba8f7c800d26a0bbe67ca6f60788c9226bde3d6828bc5795,cef2c5e7cb2eea61d79b5177c2db50be215d9cc8b79787f0a3817af3ab4b3b37,2024-06-24,2024-06-24T17:45:00+00:00,2024-06-24T17:50:00+00:00,completed,5,500.51,500.56,500.48,500.53,1051,1
5m,bbd21df977755393ba8f7c800d26a0bbe67ca6f60788c9226bde3d6828bc5795,493d147f01f16dd36b498704be3dbf791c06ac82f216dfa51603f954c5779f36,2024-06-24,2024-06-24T17:50:00+00:00,2024-06-24T17:55:00+00:00,completed,5,500.52,500.57,500.49,500.54,1052,1
5m,bbd21df977755393ba8f7c800d26a0bbe67ca6f60788c9226bde3d6828bc5795,561bbd257f0a64f9fefc4cc699ffab3b67b039b71b148a43bcc4694b2ab7d939,2024-06-24,2024-06-24T17:55:00+00:00,2024-06-24T18:00:00+00:00,completed,5,500.53,500.58,500.5,500.55,1053,1
5m,bbd21df977755393ba8f7c800d26a0bbe67ca6f60788c9226bde3d6828bc5795,3e5c92369f4d45ccbfaed69d594d1daf74a3bb6d43b506c203734acceacaba57,2024-06-24,2024-06-24T18:00:00+00:00,2024-06-24T18:05:00+00:00,completed,5,500.54,500.59,500.51,500.56,1054,1
5m,bbd21df977755393ba8f7c800d26a0bbe67ca6f60788c9226bde3d6828bc5795,bc2118a1a3211a4a80174bb0d6698f942f0f8e39d2fb1927416030120b8e1a83,2024-06-24,2024-06-24T18:05:00+00:00,2024-06-24T18:10:00+00:00,completed,5,500.55,500.6,500.52,500.57,1055,1
5m,bbd21df977755393ba8f7c800d26a0bbe67ca6f60788c9226bde3d6828bc5795,745537de3dfb794be12a351dccba65b8683209ff09198a2b4a5263ebbdac51f9,2024-06-24,2024-06-24T18:10:00+00:00,2024-06-24T18:15:00+00:00,completed,5,500.56,500.61,500.53,500.58,1056,1
5m,bbd21df977755393ba8f7c800d26a0bbe67ca6f60788c9226bde3d6828bc5795,5483e391ae1825b95d9831c1736907c60cc052155ff2b9ead00651f6cca3884a,2024-06-24,2024-06-24T18:15:00+00:00,2024-06-24T18:20:00+00:00,completed,5,500.57,500.62,500.54,500.59,1057,1
5m,bbd21df977755393ba8f7c800d26a0bbe67ca6f60788c9226bde3d6828bc5795,4ed28fa60e9549a30c64b35cd6a5d8eb4b2aa27b10b41ee471421b915275d76f,2024-06-24,2024-06-24T18:20:00+00:00,2024-06-24T18:25:00+00:00,completed,5,500.58,500.63,500.55,500.6,1058,1
5m,bbd21df977755393ba8f7c800d26a0bbe67ca6f60788c9226bde3d6828bc5795,f8f8e227e6f84c743ae17e47db1124261ebb28ca295245ec820facd434adf113,2024-06-24,2024-06-24T18:25:00+00:00,2024-06-24T18:30:00+00:00,completed,5,500.59,500.64,500.56,500.61,1059,1
5m,bbd21df977755393ba8f7c800d26a0bbe67ca6f60788c9226bde3d6828bc5795,451453bc4ba5141dca8d87a257a6ef17121ea41f2e5aa1f048ef54b6a05fef55,2024-06-24,2024-06-24T18:30:00+00:00,2024-06-24T18:35:00+00:00,completed,5,500.6,500.65,500.57,500.62,1060,1
5m,bbd21df977755393ba8f7c800d26a0bbe67ca6f60788c9226bde3d6828bc5795,cd3e117c86c8ecb653c8efd5b2dc6b3db8a8a18c52e5c7778701c9397fa2f940,2024-06-24,2024-06-24T18:35:00+00:00,2024-06-24T18:40:00+00:00,completed,5,500.61,500.66,500.58,500.63,1061,1
5m,bbd21df977755393ba8f7c800d26a0bbe67ca6f60788c9226bde3d6828bc5795,394a7eab4d68b99a560efd5e0326c946d4e9dd7394ea1df5e20e6fcb29d50d55,2024-06-24,2024-06-24T18:40:00+00:00,2024-06-24T18:45:00+00:00,completed,5,500.62,500.67,500.59,500.64,1062,1
5m,bbd21df977755393ba8f7c800d26a0bbe67ca6f60788c9226bde3d6828bc5795,4a3911ef9a1e39d220ed9eefac2d4ce1125a7a03c42e286721484110387f95e2,2024-06-24,2024-06-24T18:45:00+00:00,2024-06-24T18:50:00+00:00,completed,5,500.63,500.68,500.6,500.65,1063,1
5m,bbd21df977755393ba8f7c800d26a0bbe67ca6f60788c9226bde3d6828bc5795,02820877588f0683fc21d60a48414dac58f6b973f00ad71a092a09a822d152c8,2024-06-24,2024-06-24T18:50:00+00:00,2024-06-24T18:55:00+00:00,completed,5,500.64,500.69,500.61,500.66,1064,1
5m,bbd21df977755393ba8f7c800d26a0bbe67ca6f60788c9226bde3d6828bc5795,7944e70670fd7e667a21f081b1be0b949f6473ddb2ffe8cedf16236189d6cdca,2024-06-24,2024-06-24T18:55:00+00:00,2024-06-24T19:00:00+00:00,completed,5,500.65,500.7,500.62,500.67,1065,1
5m,bbd21df977755393ba8f7c800d26a0bbe67ca6f60788c9226bde3d6828bc5795,ba702ebe03a817938c561217b5401ba96fe0d72d5c064aee4cfd90349d75092a,2024-06-24,2024-06-24T19:00:00+00:00,2024-06-24T19:05:00+00:00,completed,5,500.66,500.71,500.63,500.68,1066,1
5m,bbd21df977755393ba8f7c800d26a0bbe67ca6f60788c9226bde3d6828bc5795,f72fc619eed77b288574fd8d8463ad5c2b41b91ba4c3a3316f386eceaaa74f0d,2024-06-24,2024-06-24T19:05:00+00:00,2024-06-24T19:10:00+00:00,completed,5,500.67,500.72,500.64,500.69,1067,1
5m,bbd21df977755393ba8f7c800d26a0bbe67ca6f60788c9226bde3d6828bc5795,06c275b2bf1538de7b586d564ee36ac560d82b80a5548597f269910014646fa6,2024-06-24,2024-06-24T19:10:00+00:00,2024-06-24T19:15:00+00:00,completed,5,500.68,500.73,500.65,500.7,1068,1
5m,bbd21df977755393ba8f7c800d26a0bbe67ca6f60788c9226bde3d6828bc5795,d92a9adfd3badc073ea2b87e3ab0e216114135ad2fc2dbf9f393df10706ea87d,2024-06-24,2024-06-24T19:15:00+00:00,2024-06-24T19:20:00+00:00,completed,5,500.69,500.74,500.66,500.71,1069,1
5m,bbd21df977755393ba8f7c800d26a0bbe67ca6f60788c9226bde3d6828bc5795,b2af16a6f19cdd7a19e97a1689a2699484bc11a4bd37abd5089cfdff63f8dd96,2024-06-24,2024-06-24T19:20:00+00:00,2024-06-24T19:25:00+00:00,completed,5,500.7,500.75,500.67,500.72,1070,1
5m,bbd21df977755393ba8f7c800d26a0bbe67ca6f60788c9226bde3d6828bc5795,5e3e2aadf1a36602dc11015447ea9b631d660966ee23f6bcf670e913260b2579,2024-06-24,2024-06-24T19:25:00+00:00,2024-06-24T19:30:00+00:00,completed,5,500.71,500.76,500.68,500.73,1071,1
5m,bbd21df977755393ba8f7c800d26a0bbe67ca6f60788c9226bde3d6828bc5795,d1756b3e1b08f6868db82e17ba2ab8a6551c031f3153e6dc218f57154ba756d0,2024-06-24,2024-06-24T19:30:00+00:00,2024-06-24T19:35:00+00:00,completed,5,500.72,500.77,500.69,500.74,1072,1
5m,bbd21df977755393ba8f7c800d26a0bbe67ca6f60788c9226bde3d6828bc5795,a52b9712d38d3b556e58f134ffd17cf49bfbc81b1b01bd73f55ef63a5d07f3c7,2024-06-24,2024-06-24T19:35:00+00:00,2024-06-24T19:40:00+00:00,completed,5,500.73,500.78,500.7,500.75,1073,1
5m,bbd21df977755393ba8f7c800d26a0bbe67ca6f60788c9226bde3d6828bc5795,f45cbff2d98e38542d626efe091b9efb59755c5c2963320081eb897ab82cea1c,2024-06-24,2024-06-24T19:40:00+00:00,2024-06-24T19:45:00+00:00,completed,5,500.74,500.79,500.71,500.76,1074,1
5m,bbd21df977755393ba8f7c800d26a0bbe67ca6f60788c9226bde3d6828bc5795,f593198f3588308e41449301b4c482fab453c48125797348c5c5a97dd7a6b681,2024-06-24,2024-06-24T19:45:00+00:00,2024-06-24T19:50:00+00:00,completed,5,500.75,500.8,500.72,500.77,1075,1
5m,bbd21df977755393ba8f7c800d26a0bbe67ca6f60788c9226bde3d6828bc5795,741e5496073c4e8c9f8b637a7aea86e74f9a54e7077c2f58ff90ee8ea5a40cda,2024-06-24,2024-06-24T19:50:00+00:00,2024-06-24T19:55:00+00:00,completed,5,500.76,500.81,500.73,500.78,1076,1
5m,bbd21df977755393ba8f7c800d26a0bbe67ca6f60788c9226bde3d6828bc5795,2f7eff8a65c499f47bf7c8d2cc04178ac3a605df4b94d138d35987f6ad968a62,2024-06-24,2024-06-24T19:55:00+00:00,2024-06-24T20:00:00+00:00,completed,5,500.77,500.82,500.74,500.79,1077,1
5m,bbd21df977755393ba8f7c800d26a0bbe67ca6f60788c9226bde3d6828bc5795,f0d335deb0559a69e91c78a04f4fd4c1b434e547f09fe0aee6169f871641656e,2024-06-25,2024-06-25T13:30:00+00:00,2024-06-25T13:35:00+00:00,completed,5,500.78,500.83,500.75,500.8,1078,1
5m,bbd21df977755393ba8f7c800d26a0bbe67ca6f60788c9226bde3d6828bc5795,4a03a5e907f06c443187672c2c01a6e94cc505ed9f5bb3f9552578f8677a29d9,2024-06-25,2024-06-25T13:35:00+00:00,2024-06-25T13:40:00+00:00,completed,5,500.79,500.84,500.76,500.81,1079,1
5m,bbd21df977755393ba8f7c800d26a0bbe67ca6f60788c9226bde3d6828bc5795,5c9832f9a0c1abbfe41aa758a086429adf5bd1cbce2c64724e165e029f5e419e,2024-06-25,2024-06-25T13:40:00+00:00,2024-06-25T13:45:00+00:00,completed,5,500.8,500.85,500.77,500.82,1080,1
5m,bbd21df977755393ba8f7c800d26a0bbe67ca6f60788c9226bde3d6828bc5795,0a0c016c2663e2cbbdebc25d3143637ab3981d004f9c801d06ffe6a475b168df,2024-06-25,2024-06-25T13:45:00+00:00,2024-06-25T13:50:00+00:00,completed,5,500.81,500.86,500.78,500.83,1081,1
5m,bbd21df977755393ba8f7c800d26a0bbe67ca6f60788c9226bde3d6828bc5795,29991fc3ca8adc27d44ad69aaf174f61ebea78431caa426504b0e34a6ab091f7,2024-06-25,2024-06-25T13:50:00+00:00,2024-06-25T13:55:00+00:00,completed,5,500.82,500.87,500.79,500.84,1082,1
5m,bbd21df977755393ba8f7c800d26a0bbe67ca6f60788c9226bde3d6828bc5795,1dcef23363931cbb862e48d49733c5cab8a655cb057146180d8bf2075d56284a,2024-06-25,2024-06-25T13:55:00+00:00,2024-06-25T14:00:00+00:00,completed,5,500.83,500.88,500.8,500.85,1083,1
5m,bbd21df977755393ba8f7c800d26a0bbe67ca6f60788c9226bde3d6828bc5795,25ca3337cd7e9f4fb44084f1947d6deb5163cf9d0ee4e7a72971b43d802e59ea,2024-06-25,2024-06-25T14:00:00+00:00,2024-06-25T14:05:00+00:00,completed,5,500.84,500.89,500.81,500.86,1084,1
5m,bbd21df977755393ba8f7c800d26a0bbe67ca6f60788c9226bde3d6828bc5795,5d1c9935bfc3d5f2a2047504e03af2a742f6885e64ae51642b3135c20a37f756,2024-06-25,2024-06-25T14:05:00+00:00,2024-06-25T14:10:00+00:00,completed,5,500.85,500.9,500.82,500.87,1085,1
5m,bbd21df977755393ba8f7c800d26a0bbe67ca6f60788c9226bde3d6828bc5795,e93226fb17075835ba3938e5c8996fb45fdac917e94dfe4aa933983427f93bbf,2024-06-25,2024-06-25T14:10:00+00:00,2024-06-25T14:15:00+00:00,completed,5,500.86,500.91,500.83,500.88,1086,1
5m,bbd21df977755393ba8f7c800d26a0bbe67ca6f60788c9226bde3d6828bc5795,163f961a0ae7e9e1f6878e64156665ae08d70af98c6cf376f7d24504821d3e9c,2024-06-25,2024-06-25T14:15:00+00:00,2024-06-25T14:20:00+00:00,completed,5,500.87,500.92,500.84,500.89,1087,1
5m,bbd21df977755393ba8f7c800d26a0bbe67ca6f60788c9226bde3d6828bc5795,bdb79e35e69a86e45288b865a086c8f3bbf4feaf9843ae83813889e6dd93713b,2024-06-25,2024-06-25T14:20:00+00:00,2024-06-25T14:25:00+00:00,completed,5,500.88,500.93,500.85,500.9,1088,1
5m,bbd21df977755393ba8f7c800d26a0bbe67ca6f60788c9226bde3d6828bc5795,972bc75fa26de14e874fd26df2d891267fee221458d6416f619f14c8a7d731ac,2024-06-25,2024-06-25T14:25:00+00:00,2024-06-25T14:30:00+00:00,completed,5,500.89,500.94,500.86,500.91,1089,1
5m,bbd21df977755393ba8f7c800d26a0bbe67ca6f60788c9226bde3d6828bc5795,bd0c8881d91d19b2ec77793baa48bdd841b7d2dce8cda2b8868497e5f5c59c37,2024-06-25,2024-06-25T14:30:00+00:00,2024-06-25T14:35:00+00:00,completed,5,500.9,500.95,500.87,500.92,1090,1
5m,bbd21df977755393ba8f7c800d26a0bbe67ca6f60788c9226bde3d6828bc5795,73baf3b392acd1da98bd1dbde44a4fa8941f5b76a139dec3771a682d446b1a8f,2024-06-25,2024-06-25T14:35:00+00:00,2024-06-25T14:40:00+00:00,completed,5,500.91,500.96,500.88,500.93,1091,1
5m,bbd21df977755393ba8f7c800d26a0bbe67ca6f60788c9226bde3d6828bc5795,bc4123867d1cfa43ccd0e3ac387f8def7b71cec6c14aa9b8baa139cc5673cc36,2024-06-25,2024-06-25T14:40:00+00:00,2024-06-25T14:45:00+00:00,completed,5,500.92,500.97,500.89,500.94,1092,1
5m,bbd21df977755393ba8f7c800d26a0bbe67ca6f60788c9226bde3d6828bc5795,f7f8175b281a6697886acee11d88a6cb8c358b059f76d6dfe2e89c3d256f4fc2,2024-06-25,2024-06-25T14:45:00+00:00,2024-06-25T14:50:00+00:00,completed,5,500.93,500.98,500.9,500.95,1093,1
5m,bbd21df977755393ba8f7c800d26a0bbe67ca6f60788c9226bde3d6828bc5795,ee7c562435815ae2e589becf629ace21171078db400f3ec9ecef76d08afb3ad9,2024-06-25,2024-06-25T14:50:00+00:00,2024-06-25T14:55:00+00:00,completed,5,500.94,500.99,500.91,500.96,1094,1
5m,bbd21df977755393ba8f7c800d26a0bbe67ca6f60788c9226bde3d6828bc5795,2045d035984f2afa16eeb48158a76c5e496846de8b5d8d0fb93b5eecce5f82fd,2024-06-25,2024-06-25T14:55:00+00:00,2024-06-25T15:00:00+00:00,completed,5,500.95,501,500.92,500.97,1095,1
5m,bbd21df977755393ba8f7c800d26a0bbe67ca6f60788c9226bde3d6828bc5795,962cc79c6b71d69edabe22e984cafb4cc154386ae6dcb0702a7eba67eae3f3e9,2024-06-25,2024-06-25T15:00:00+00:00,2024-06-25T15:05:00+00:00,completed,5,500.96,501.01,500.93,500.98,1096,1
5m,bbd21df977755393ba8f7c800d26a0bbe67ca6f60788c9226bde3d6828bc5795,188d939a2507a85a3d7faecebb667309dd333a1927d71be46f2f696813796753,2024-06-25,2024-06-25T15:05:00+00:00,2024-06-25T15:10:00+00:00,completed,5,500.97,501.02,500.94,500.99,1097,1
5m,bbd21df977755393ba8f7c800d26a0bbe67ca6f60788c9226bde3d6828bc5795,bae90bdcb2bd81e3afb30bbff6cdb636eea793436b3355b9983c75e23569f61e,2024-06-25,2024-06-25T15:10:00+00:00,2024-06-25T15:15:00+00:00,completed,5,500.98,501.03,500.95,501,1098,1
5m,bbd21df977755393ba8f7c800d26a0bbe67ca6f60788c9226bde3d6828bc5795,82338a7e24e6e3daf2f49303234ec03362443f3a9be9f29e68181b638a0ea7c1,2024-06-25,2024-06-25T15:15:00+00:00,2024-06-25T15:20:00+00:00,completed,5,500.99,501.04,500.96,501.01,1099,1
5m,bbd21df977755393ba8f7c800d26a0bbe67ca6f60788c9226bde3d6828bc5795,823696f31a6e70afe15d98c2865894492aefb255f38b43149b1edc35b18627fc,2024-06-25,2024-06-25T15:20:00+00:00,2024-06-25T15:25:00+00:00,completed,5,501,501.05,500.97,501.02,1100,1
5m,bbd21df977755393ba8f7c800d26a0bbe67ca6f60788c9226bde3d6828bc5795,318d38825bd640a924c790bd187afb5cdb7a4c24cccc68ca00e81f823d624699,2024-06-25,2024-06-25T15:25:00+00:00,2024-06-25T15:30:00+00:00,completed,5,501.01,501.06,500.98,501.03,1101,1
5m,bbd21df977755393ba8f7c800d26a0bbe67ca6f60788c9226bde3d6828bc5795,661a3601463d6039bde00528d3f1c1515027c58cb81a98570273e402b7507e59,2024-06-25,2024-06-25T15:30:00+00:00,2024-06-25T15:35:00+00:00,completed,5,501.02,501.07,500.99,501.04,1102,1
5m,bbd21df977755393ba8f7c800d26a0bbe67ca6f60788c9226bde3d6828bc5795,d27d5c12420a5e891d5f5051b788025a087c4c4ba712256f47b6179c7daba238,2024-06-25,2024-06-25T15:35:00+00:00,2024-06-25T15:40:00+00:00,completed,5,501.03,501.08,501,501.05,1103,1
5m,bbd21df977755393ba8f7c800d26a0bbe67ca6f60788c9226bde3d6828bc5795,189e47cf20cfa6c64e7675a1ef1625543eae3b275435f90c0ae2fc73a8715be5,2024-06-25,2024-06-25T15:40:00+00:00,2024-06-25T15:45:00+00:00,completed,5,501.04,501.09,501.01,501.06,1104,1
5m,bbd21df977755393ba8f7c800d26a0bbe67ca6f60788c9226bde3d6828bc5795,470b60206c69ac7147dbb1c6c2ccdd7b3c3f716c909445d23b089c95f7056ad1,2024-06-25,2024-06-25T15:45:00+00:00,2024-06-25T15:50:00+00:00,completed,5,501.05,501.1,501.02,501.07,1105,1
5m,bbd21df977755393ba8f7c800d26a0bbe67ca6f60788c9226bde3d6828bc5795,50ed6f7b8eb9bac59992be175889c80948b247ba72c891e571991a9ddc924548,2024-06-25,2024-06-25T15:50:00+00:00,2024-06-25T15:55:00+00:00,completed,5,501.06,501.11,501.03,501.08,1106,1
5m,bbd21df977755393ba8f7c800d26a0bbe67ca6f60788c9226bde3d6828bc5795,1fc0fb5ca9f73726f25961e189e04a0097fcdf9a2209dde7c1d81ddad5477709,2024-06-25,2024-06-25T15:55:00+00:00,2024-06-25T16:00:00+00:00,completed,5,501.07,501.12,501.04,501.09,1107,1
5m,bbd21df977755393ba8f7c800d26a0bbe67ca6f60788c9226bde3d6828bc5795,67e38b5fadbf76280d9c7794398a34ac58c852816e8f3fafa9a4a17c21088768,2024-06-25,2024-06-25T16:00:00+00:00,2024-06-25T16:05:00+00:00,completed,5,501.08,501.13,501.05,501.1,1108,1
5m,bbd21df977755393ba8f7c800d26a0bbe67ca6f60788c9226bde3d6828bc5795,385723606ec3dccc4499337d78efb9e82c346e82ec6e303081fe3ec127ecff28,2024-06-25,2024-06-25T16:05:00+00:00,2024-06-25T16:10:00+00:00,completed,5,501.09,501.14,501.06,501.11,1109,1
5m,bbd21df977755393ba8f7c800d26a0bbe67ca6f60788c9226bde3d6828bc5795,e4104590552bbac885be73b1f2468a7c9a60ea11ccdbef9b1d517b03a8d6a80f,2024-06-25,2024-06-25T16:10:00+00:00,2024-06-25T16:15:00+00:00,completed,5,501.1,501.15,501.07,501.12,1110,1
5m,bbd21df977755393ba8f7c800d26a0bbe67ca6f60788c9226bde3d6828bc5795,0b812ec41d3f41c039e64a854d43917f92119401d1f7312d196f1773ac9d9431,2024-06-25,2024-06-25T16:15:00+00:00,2024-06-25T16:20:00+00:00,completed,5,501.11,501.16,501.08,501.13,1111,1
5m,bbd21df977755393ba8f7c800d26a0bbe67ca6f60788c9226bde3d6828bc5795,dde2e3f01dc7391ce706f2db969db5c7339ce41cbbb9c4f88b686be6da36fde5,2024-06-25,2024-06-25T16:20:00+00:00,2024-06-25T16:25:00+00:00,completed,5,501.12,501.17,501.09,501.14,1112,1
5m,bbd21df977755393ba8f7c800d26a0bbe67ca6f60788c9226bde3d6828bc5795,1d9df78786ccc70728c05808f90cf54cdaab26326bf9cf299d255907ef3e8d83,2024-06-25,2024-06-25T16:25:00+00:00,2024-06-25T16:30:00+00:00,completed,5,501.13,501.18,501.1,501.15,1113,1
5m,bbd21df977755393ba8f7c800d26a0bbe67ca6f60788c9226bde3d6828bc5795,b563a363b7d62abe67007e0749078be5050a1d2c97e15c63ee52e652adce12e7,2024-06-25,2024-06-25T16:30:00+00:00,2024-06-25T16:35:00+00:00,completed,5,501.14,501.19,501.11,501.16,1114,1
5m,bbd21df977755393ba8f7c800d26a0bbe67ca6f60788c9226bde3d6828bc5795,856fbb97b138f939feb006bde2a3c202cf96ab00a50a8719fdb8bad93b668ce9,2024-06-25,2024-06-25T16:35:00+00:00,2024-06-25T16:40:00+00:00,completed,5,501.15,501.2,501.12,501.17,1115,1
5m,bbd21df977755393ba8f7c800d26a0bbe67ca6f60788c9226bde3d6828bc5795,3b3e7e2fe28c7e1507675b89d901cdb15e6ab0133a862ef0aee701dd441fd41b,2024-06-25,2024-06-25T16:40:00+00:00,2024-06-25T16:45:00+00:00,completed,5,501.16,501.21,501.13,501.18,1116,1
5m,bbd21df977755393ba8f7c800d26a0bbe67ca6f60788c9226bde3d6828bc5795,041e946327aed51e04fd17291a567b3b3bd36969dac092669230dc374b1eaf80,2024-06-25,2024-06-25T16:45:00+00:00,2024-06-25T16:50:00+00:00,completed,5,501.17,501.22,501.14,501.19,1117,1
5m,bbd21df977755393ba8f7c800d26a0bbe67ca6f60788c9226bde3d6828bc5795,2fa9d27c8aba59c27c26f6b208e178cda9b1139791fdc6c3d91d8e9bef697589,2024-06-25,2024-06-25T16:50:00+00:00,2024-06-25T16:55:00+00:00,completed,5,501.18,501.23,501.15,501.2,1118,1
5m,bbd21df977755393ba8f7c800d26a0bbe67ca6f60788c9226bde3d6828bc5795,e153b8122d0c1fb4786498012ae9e199c01c71a17b154128fc53923c24fe8466,2024-06-25,2024-06-25T16:55:00+00:00,2024-06-25T17:00:00+00:00,completed,5,501.19,501.24,501.16,501.21,1119,1
5m,bbd21df977755393ba8f7c800d26a0bbe67ca6f60788c9226bde3d6828bc5795,0c7615cc613c7fe3dce8ce98bbfc6e2acdc91134f982f0fa712f8bcca951820e,2024-06-25,2024-06-25T17:00:00+00:00,2024-06-25T17:05:00+00:00,completed,5,501.2,501.25,501.17,501.22,1120,1
5m,bbd21df977755393ba8f7c800d26a0bbe67ca6f60788c9226bde3d6828bc5795,fe98005305780a5458a3ef87dbdfb0bd2cc67e405db48057517a031f266df411,2024-06-25,2024-06-25T17:05:00+00:00,2024-06-25T17:10:00+00:00,completed,5,501.21,501.26,501.18,501.23,1121,1
5m,bbd21df977755393ba8f7c800d26a0bbe67ca6f60788c9226bde3d6828bc5795,abdd624702410e18396ecba5fbb8013b2f846a7fba87c83804ca42e6c9b37ba6,2024-06-25,2024-06-25T17:10:00+00:00,2024-06-25T17:15:00+00:00,completed,5,501.22,501.27,501.19,501.24,1122,1
5m,bbd21df977755393ba8f7c800d26a0bbe67ca6f60788c9226bde3d6828bc5795,3d340bbb01d5144f9dc89142aeb85ba76ccb3db7508d0ce25f8a348865211b90,2024-06-25,2024-06-25T17:15:00+00:00,2024-06-25T17:20:00+00:00,completed,5,501.23,501.28,501.2,501.25,1123,1
5m,bbd21df977755393ba8f7c800d26a0bbe67ca6f60788c9226bde3d6828bc5795,3d03968cbc1a32c645a95cb0bb51f2c0ce9d842ec7243fff69d3916ce37cecb4,2024-06-25,2024-06-25T17:20:00+00:00,2024-06-25T17:25:00+00:00,completed,5,501.24,501.29,501.21,501.26,1124,1
5m,bbd21df977755393ba8f7c800d26a0bbe67ca6f60788c9226bde3d6828bc5795,edd064796cb159446e42bbdb0e07b9eaefdeb7cdd022e7697ff230cd63ff800b,2024-06-25,2024-06-25T17:25:00+00:00,2024-06-25T17:30:00+00:00,completed,5,501.25,501.3,501.22,501.27,1125,1
5m,bbd21df977755393ba8f7c800d26a0bbe67ca6f60788c9226bde3d6828bc5795,6f08497c93445197707098041708179c127a30fdfc3f29344bce7daf00c3e1a9,2024-06-25,2024-06-25T17:30:00+00:00,2024-06-25T17:35:00+00:00,completed,5,501.26,501.31,501.23,501.28,1126,1
5m,bbd21df977755393ba8f7c800d26a0bbe67ca6f60788c9226bde3d6828bc5795,a7ec4768491bd13880aa020d45a5207f7dad1225c7b24bdf3e69af19ac1f8a8c,2024-06-25,2024-06-25T17:35:00+00:00,2024-06-25T17:40:00+00:00,completed,5,501.27,501.32,501.24,501.29,1127,1
5m,bbd21df977755393ba8f7c800d26a0bbe67ca6f60788c9226bde3d6828bc5795,e06af1e83337108f1e1eb6db044dc3ce07b03c991275b1698e282f6813336ab1,2024-06-25,2024-06-25T17:40:00+00:00,2024-06-25T17:45:00+00:00,completed,5,501.28,501.33,501.25,501.3,1128,1
5m,bbd21df977755393ba8f7c800d26a0bbe67ca6f60788c9226bde3d6828bc5795,9c13b93ced6b05de7ea4153a676966ddcc69b84f2c5f9193fc2e142cdff1d81b,2024-06-25,2024-06-25T17:45:00+00:00,2024-06-25T17:50:00+00:00,completed,5,501.29,501.34,501.26,501.31,1129,1
5m,bbd21df977755393ba8f7c800d26a0bbe67ca6f60788c9226bde3d6828bc5795,a374b7f801c1639cb3477a10e0c7bb5e48b586c05a95a73b8d040dece0a04319,2024-06-25,2024-06-25T17:50:00+00:00,2024-06-25T17:55:00+00:00,completed,5,501.3,501.35,501.27,501.32,1130,1
5m,bbd21df977755393ba8f7c800d26a0bbe67ca6f60788c9226bde3d6828bc5795,70ff281abe4e4100b83d55a97ec62500e6325f98f86fee7b7631385c083b6bf4,2024-06-25,2024-06-25T17:55:00+00:00,2024-06-25T18:00:00+00:00,completed,5,501.31,501.36,501.28,501.33,1131,1
5m,bbd21df977755393ba8f7c800d26a0bbe67ca6f60788c9226bde3d6828bc5795,bf91fec5fb79caa7c7c679901b84688b3ee5c01903fefe04c471f53d52fd4693,2024-06-25,2024-06-25T18:00:00+00:00,2024-06-25T18:05:00+00:00,completed,5,501.32,501.37,501.29,501.34,1132,1
5m,bbd21df977755393ba8f7c800d26a0bbe67ca6f60788c9226bde3d6828bc5795,cf409b670fd3073c66bb03704ecb9cc82aad965bc36cb734244ea68f0b14c0f1,2024-06-25,2024-06-25T18:05:00+00:00,2024-06-25T18:10:00+00:00,completed,5,501.33,501.38,501.3,501.35,1133,1
5m,bbd21df977755393ba8f7c800d26a0bbe67ca6f60788c9226bde3d6828bc5795,6e97086e4b6df0f5b7b9585929b4f3a6b0ef180b7af3b59212cd3b8686380081,2024-06-25,2024-06-25T18:10:00+00:00,2024-06-25T18:15:00+00:00,completed,5,501.34,501.39,501.31,501.36,1134,1
5m,bbd21df977755393ba8f7c800d26a0bbe67ca6f60788c9226bde3d6828bc5795,28667ddb92db8ad7de0d77956aca69ad971ddf1617a03eac9288c7bcc02649b3,2024-06-25,2024-06-25T18:15:00+00:00,2024-06-25T18:20:00+00:00,completed,5,501.35,501.4,501.32,501.37,1135,1
5m,bbd21df977755393ba8f7c800d26a0bbe67ca6f60788c9226bde3d6828bc5795,eaa4a923f71419f2c1bd61c16224c21a42492ce77c00c7d56c45f426af816554,2024-06-25,2024-06-25T18:20:00+00:00,2024-06-25T18:25:00+00:00,completed,5,501.36,501.41,501.33,501.38,1136,1
5m,bbd21df977755393ba8f7c800d26a0bbe67ca6f60788c9226bde3d6828bc5795,49c77a684b5e4f275ffe6392ca2dd478cac6d21d92cab65ba970e562134059f7,2024-06-25,2024-06-25T18:25:00+00:00,2024-06-25T18:30:00+00:00,completed,5,501.37,501.42,501.34,501.39,1137,1
5m,bbd21df977755393ba8f7c800d26a0bbe67ca6f60788c9226bde3d6828bc5795,45e877edf991f25ac791fb6b2ac029070f03582793cfd8f39fb1158a4e3f59bb,2024-06-25,2024-06-25T18:30:00+00:00,2024-06-25T18:35:00+00:00,completed,5,501.38,501.43,501.35,501.4,1138,1
5m,bbd21df977755393ba8f7c800d26a0bbe67ca6f60788c9226bde3d6828bc5795,0449e303f8fc2540cafbee630d482e56704f41f1d7e602c58c14bfb8d89dd9a4,2024-06-25,2024-06-25T18:35:00+00:00,2024-06-25T18:40:00+00:00,completed,5,501.39,501.44,501.36,501.41,1139,1
5m,bbd21df977755393ba8f7c800d26a0bbe67ca6f60788c9226bde3d6828bc5795,ea1b64f18863a962d50956ef2df47ed967ddb80e8806d9cf69b172d4ccfbf09e,2024-06-25,2024-06-25T18:40:00+00:00,2024-06-25T18:45:00+00:00,completed,5,501.4,501.45,501.37,501.42,1140,1
5m,bbd21df977755393ba8f7c800d26a0bbe67ca6f60788c9226bde3d6828bc5795,0a7db241ade045e308836b7150c412d0d670aa97513cf8a1381bbe91554dc21b,2024-06-25,2024-06-25T18:45:00+00:00,2024-06-25T18:50:00+00:00,completed,5,501.41,501.46,501.38,501.43,1141,1
5m,bbd21df977755393ba8f7c800d26a0bbe67ca6f60788c9226bde3d6828bc5795,dff097af2c7bac778a97786f9663661ec40a31d2169790d8124f9eadc3b0c692,2024-06-25,2024-06-25T18:50:00+00:00,2024-06-25T18:55:00+00:00,completed,5,501.42,501.47,501.39,501.44,1142,1
5m,bbd21df977755393ba8f7c800d26a0bbe67ca6f60788c9226bde3d6828bc5795,7ac14e6ffc6eddb1bf5bcf913a590dc2b75eaec106ac68943d353f515fef1e6b,2024-06-25,2024-06-25T18:55:00+00:00,2024-06-25T19:00:00+00:00,completed,5,501.43,501.48,501.4,501.45,1143,1
5m,bbd21df977755393ba8f7c800d26a0bbe67ca6f60788c9226bde3d6828bc5795,04eb3b0e45478ef497784eafa52765f333b6bb6ee6bd72488ac875340aa5ba1b,2024-06-25,2024-06-25T19:00:00+00:00,2024-06-25T19:05:00+00:00,completed,5,501.44,501.49,501.41,501.46,1144,1
5m,bbd21df977755393ba8f7c800d26a0bbe67ca6f60788c9226bde3d6828bc5795,95fc758b15fb9350d737b29b8bc196fbc1d7f91a56949820419e656b80838aab,2024-06-25,2024-06-25T19:05:00+00:00,2024-06-25T19:10:00+00:00,completed,5,501.45,501.5,501.42,501.47,1145,1
5m,bbd21df977755393ba8f7c800d26a0bbe67ca6f60788c9226bde3d6828bc5795,a2e18c447be523ac8e01ad47057654ded6f00b0afa9caa1c095c8a7c365346cf,2024-06-25,2024-06-25T19:10:00+00:00,2024-06-25T19:15:00+00:00,completed,5,501.46,501.51,501.43,501.48,1146,1
5m,bbd21df977755393ba8f7c800d26a0bbe67ca6f60788c9226bde3d6828bc5795,f37e91dff75062b78b4cc5252729275fa351955878ca44186fc0357baac62137,2024-06-25,2024-06-25T19:15:00+00:00,2024-06-25T19:20:00+00:00,completed,5,501.47,501.52,501.44,501.49,1147,1
5m,bbd21df977755393ba8f7c800d26a0bbe67ca6f60788c9226bde3d6828bc5795,605bb76a8367627949219434a288df031845d59af91341866ca3894442cfc9ea,2024-06-25,2024-06-25T19:20:00+00:00,2024-06-25T19:25:00+00:00,completed,5,501.48,501.53,501.45,501.5,1148,1
5m,bbd21df977755393ba8f7c800d26a0bbe67ca6f60788c9226bde3d6828bc5795,cc1149f6d518fed1d78002cc7c0d32b471e3268e1e73f6116f516c622e8efc4d,2024-06-25,2024-06-25T19:25:00+00:00,2024-06-25T19:30:00+00:00,completed,5,501.49,501.54,501.46,501.51,1149,1
5m,bbd21df977755393ba8f7c800d26a0bbe67ca6f60788c9226bde3d6828bc5795,ec24d35215c3d068feca0f0b32fa54f09efe6b30af2b8a0570727101fe07ad42,2024-06-25,2024-06-25T19:30:00+00:00,2024-06-25T19:35:00+00:00,completed,5,501.5,501.55,501.47,501.52,1150,1
5m,bbd21df977755393ba8f7c800d26a0bbe67ca6f60788c9226bde3d6828bc5795,b318898d561c915c775c194e7aa61e33811535b735ce01be5763b0ea462a211e,2024-06-25,2024-06-25T19:35:00+00:00,2024-06-25T19:40:00+00:00,completed,5,501.51,501.56,501.48,501.53,1151,1
5m,bbd21df977755393ba8f7c800d26a0bbe67ca6f60788c9226bde3d6828bc5795,55cc72ccd4e2898190f2d2116cea81982a4ea6d4ce92bbbe1d9d6c7b44bc08b7,2024-06-25,2024-06-25T19:40:00+00:00,2024-06-25T19:45:00+00:00,completed,5,501.52,501.57,501.49,501.54,1152,1
5m,bbd21df977755393ba8f7c800d26a0bbe67ca6f60788c9226bde3d6828bc5795,1aecd71b0d1e5335281caa399c2df90b4c46da295d9c08c82fab326a5a90ad8e,2024-06-25,2024-06-25T19:45:00+00:00,2024-06-25T19:50:00+00:00,completed,5,501.53,501.58,501.5,501.55,1153,1
5m,bbd21df977755393ba8f7c800d26a0bbe67ca6f60788c9226bde3d6828bc5795,4b53e175a14ea20da386cdf151722bad93064bbb8d717a9f3967c1fc5219a03b,2024-06-25,2024-06-25T19:50:00+00:00,2024-06-25T19:55:00+00:00,completed,5,501.54,501.59,501.51,501.56,1154,1
5m,bbd21df977755393ba8f7c800d26a0bbe67ca6f60788c9226bde3d6828bc5795,966eca00293bcc04a64ba15cbb1ee53bb78f3e8d90d95642b6e834730751392d,2024-06-25,2024-06-25T19:55:00+00:00,2024-06-25T20:00:00+00:00,completed,5,501.55,501.6,501.52,501.57,1155,1
5m,bbd21df977755393ba8f7c800d26a0bbe67ca6f60788c9226bde3d6828bc5795,b0ee86d0d5d5291e26780069ffb41f8956f68469b5e527d05935628ca413096a,2024-06-26,2024-06-26T13:30:00+00:00,2024-06-26T13:35:00+00:00,completed,5,501.56,501.61,501.53,501.58,1156,1
5m,bbd21df977755393ba8f7c800d26a0bbe67ca6f60788c9226bde3d6828bc5795,b6bad055c9f1a51c483ff319cc2eba133317081f16060484d1567eb03d38089d,2024-06-26,2024-06-26T13:35:00+00:00,2024-06-26T13:40:00+00:00,completed,5,501.57,501.62,501.54,501.59,1157,1
5m,bbd21df977755393ba8f7c800d26a0bbe67ca6f60788c9226bde3d6828bc5795,a85420db78c30ee05bc9b2120d547510704a03a84c7e32b1c4ba3d6732e973c1,2024-06-26,2024-06-26T13:40:00+00:00,2024-06-26T13:45:00+00:00,completed,5,501.58,501.63,501.55,501.6,1158,1
5m,bbd21df977755393ba8f7c800d26a0bbe67ca6f60788c9226bde3d6828bc5795,2623f1e04296baa2fdf2ba95c3cd3d60fd41ad81558c9f1be5ae6fd09fd816d9,2024-06-26,2024-06-26T13:45:00+00:00,2024-06-26T13:50:00+00:00,completed,5,501.59,501.64,501.56,501.61,1159,1
5m,bbd21df977755393ba8f7c800d26a0bbe67ca6f60788c9226bde3d6828bc5795,572164f4ecf370495d810626d2b276b1a93b5f17317d99d519dd3b19ce459661,2024-06-26,2024-06-26T13:50:00+00:00,2024-06-26T13:55:00+00:00,completed,5,501.6,501.65,501.57,501.62,1160,1
5m,bbd21df977755393ba8f7c800d26a0bbe67ca6f60788c9226bde3d6828bc5795,fe08cd57f8bebafdfbdcd6558521cfaf26441387804802348faecb1f41986718,2024-06-26,2024-06-26T13:55:00+00:00,2024-06-26T14:00:00+00:00,completed,5,501.61,501.66,501.58,501.63,1161,1
5m,bbd21df977755393ba8f7c800d26a0bbe67ca6f60788c9226bde3d6828bc5795,95c704fbebb87d561dc28dfd7cae032031f93b692d526d4c9c2874c0d0c02cbd,2024-06-26,2024-06-26T14:00:00+00:00,2024-06-26T14:05:00+00:00,completed,5,501.62,501.67,501.59,501.64,1162,1
5m,bbd21df977755393ba8f7c800d26a0bbe67ca6f60788c9226bde3d6828bc5795,22a5d82e2c07f69857f10bcc6d6239a78aa79ae2d3805829da9125be5c83ff47,2024-06-26,2024-06-26T14:05:00+00:00,2024-06-26T14:10:00+00:00,completed,5,501.63,501.68,501.6,501.65,1163,1
5m,bbd21df977755393ba8f7c800d26a0bbe67ca6f60788c9226bde3d6828bc5795,3c5c04d56e18edd8f27fe576588d614d3c0ab0d79b3dbf61a006ed5f65e5dfa8,2024-06-26,2024-06-26T14:10:00+00:00,2024-06-26T14:15:00+00:00,completed,5,501.64,501.69,501.61,501.66,1164,1
5m,bbd21df977755393ba8f7c800d26a0bbe67ca6f60788c9226bde3d6828bc5795,18e031509df4bc77f5fe71db86da706365416fe92a97fb0c5c6dab3a38c136c1,2024-06-26,2024-06-26T14:15:00+00:00,2024-06-26T14:20:00+00:00,completed,5,501.65,501.7,501.62,501.67,1165,1
5m,bbd21df977755393ba8f7c800d26a0bbe67ca6f60788c9226bde3d6828bc5795,dc6cb94218ed8a0a0ea55b010c7094c0a362b929f77a9e9c45bfbf1031ed97f8,2024-06-26,2024-06-26T14:20:00+00:00,2024-06-26T14:25:00+00:00,completed,5,501.66,501.71,501.63,501.68,1166,1
5m,bbd21df977755393ba8f7c800d26a0bbe67ca6f60788c9226bde3d6828bc5795,ea11f591d515a35bcbd3c010b01934b2da1d4885340a57a8b62ce7adf5d2a401,2024-06-26,2024-06-26T14:25:00+00:00,2024-06-26T14:30:00+00:00,completed,5,501.67,501.72,501.64,501.69,1167,1
5m,bbd21df977755393ba8f7c800d26a0bbe67ca6f60788c9226bde3d6828bc5795,a1db7dd7e18ec64ffcd4c1ac3209d47b1bfafaa63442595ca52e3686b6a0cc2c,2024-06-26,2024-06-26T14:30:00+00:00,2024-06-26T14:35:00+00:00,completed,5,501.68,501.73,501.65,501.7,1168,1
5m,bbd21df977755393ba8f7c800d26a0bbe67ca6f60788c9226bde3d6828bc5795,8241c5b9ea5bee235f4af1ccd88e2453ad90f58373684caf6d5e6bef79aae0b9,2024-06-26,2024-06-26T14:35:00+00:00,2024-06-26T14:40:00+00:00,completed,5,501.69,501.74,501.66,501.71,1169,1
5m,bbd21df977755393ba8f7c800d26a0bbe67ca6f60788c9226bde3d6828bc5795,a626715128bef1ddf4a1bc058329bf2cb69409c12042e9cec3b38b804ca1c6f8,2024-06-26,2024-06-26T14:40:00+00:00,2024-06-26T14:45:00+00:00,completed,5,501.7,501.75,501.67,501.72,1170,1
5m,bbd21df977755393ba8f7c800d26a0bbe67ca6f60788c9226bde3d6828bc5795,d3ce7b15f47c3877a4cc6bdb25c559b213fffa65be09c1b9dd39dd9195cfac25,2024-06-26,2024-06-26T14:45:00+00:00,2024-06-26T14:50:00+00:00,completed,5,501.71,501.76,501.68,501.73,1171,1
5m,bbd21df977755393ba8f7c800d26a0bbe67ca6f60788c9226bde3d6828bc5795,32bfb08da49b624fc4d5b31dc383cd77178de59aec278b4595bfaa77de89756b,2024-06-26,2024-06-26T14:50:00+00:00,2024-06-26T14:55:00+00:00,completed,5,501.72,501.77,501.69,501.74,1172,1
5m,bbd21df977755393ba8f7c800d26a0bbe67ca6f60788c9226bde3d6828bc5795,7d17e1d5ddb35bb51309dfc7ed0bfcf807a3dc234c7bc2e3ede306f738ec5850,2024-06-26,2024-06-26T14:55:00+00:00,2024-06-26T15:00:00+00:00,completed,5,501.73,501.78,501.7,501.75,1173,1
5m,bbd21df977755393ba8f7c800d26a0bbe67ca6f60788c9226bde3d6828bc5795,36b9a20b37355d00b376091b94d0bb99671e41e3b6c22d43c7551e4fcf24a3f1,2024-06-26,2024-06-26T15:00:00+00:00,2024-06-26T15:05:00+00:00,completed,5,501.74,501.79,501.71,501.76,1174,1
5m,bbd21df977755393ba8f7c800d26a0bbe67ca6f60788c9226bde3d6828bc5795,8a10abb52cf688a6b4271ccd0bdf2b41a0fc7f6a398624abd3fc49c54dcf8ed6,2024-06-26,2024-06-26T15:05:00+00:00,2024-06-26T15:10:00+00:00,completed,5,501.75,501.8,501.72,501.77,1175,1
5m,bbd21df977755393ba8f7c800d26a0bbe67ca6f60788c9226bde3d6828bc5795,ca11fbf535ab2a195da7255c53a79db8b584942e47b6b32742b2375ded9fadf1,2024-06-26,2024-06-26T15:10:00+00:00,2024-06-26T15:15:00+00:00,completed,5,501.76,501.81,501.73,501.78,1176,1
5m,bbd21df977755393ba8f7c800d26a0bbe67ca6f60788c9226bde3d6828bc5795,2d67b65433bc4902b57a467e0b7c4193367c855bdcec58c3e1f7134202d60efa,2024-06-26,2024-06-26T15:15:00+00:00,2024-06-26T15:20:00+00:00,completed,5,501.77,501.82,501.74,501.79,1177,1
5m,bbd21df977755393ba8f7c800d26a0bbe67ca6f60788c9226bde3d6828bc5795,0fb98226c8d3236e01f02184e60c732b2ed2fc3751a934965fe2f8b09be31a11,2024-06-26,2024-06-26T15:20:00+00:00,2024-06-26T15:25:00+00:00,completed,5,501.78,501.83,501.75,501.8,1178,1
5m,bbd21df977755393ba8f7c800d26a0bbe67ca6f60788c9226bde3d6828bc5795,0d1ad2a95d5b92081f9bcc0059838ec2d24af0b0eb2cda8c9d8d5b48a2b66162,2024-06-26,2024-06-26T15:25:00+00:00,2024-06-26T15:30:00+00:00,completed,5,501.79,501.84,501.76,501.81,1179,1
5m,bbd21df977755393ba8f7c800d26a0bbe67ca6f60788c9226bde3d6828bc5795,ee4bfbc226148d8ce38451b00261bf8fda7fc0893e60e5ac061bb0bf67521eea,2024-06-26,2024-06-26T15:30:00+00:00,2024-06-26T15:35:00+00:00,completed,5,501.8,501.85,501.77,501.82,1180,1
5m,bbd21df977755393ba8f7c800d26a0bbe67ca6f60788c9226bde3d6828bc5795,2bbf19ed61123942323bb230ec3619265a0292de73fe9af835cfc7734706357b,2024-06-26,2024-06-26T15:35:00+00:00,2024-06-26T15:40:00+00:00,completed,5,501.81,501.86,501.78,501.83,1181,1
5m,bbd21df977755393ba8f7c800d26a0bbe67ca6f60788c9226bde3d6828bc5795,50f7a72ac7e66e53c666fcf7f19df2401ad4cddf0c4d0dc96fa4340a24f98033,2024-06-26,2024-06-26T15:40:00+00:00,2024-06-26T15:45:00+00:00,completed,5,501.82,501.87,501.79,501.84,1182,1
5m,bbd21df977755393ba8f7c800d26a0bbe67ca6f60788c9226bde3d6828bc5795,981c9be220137ee88087732a3948ab6019850c9b4d8c4bc59bcc28ff6f198845,2024-06-26,2024-06-26T15:45:00+00:00,2024-06-26T15:50:00+00:00,completed,5,501.83,501.88,501.8,501.85,1183,1
5m,bbd21df977755393ba8f7c800d26a0bbe67ca6f60788c9226bde3d6828bc5795,ed20ecd8c68f381da4a466146ccf730e3632b8d713d9d22fba20dde566124a16,2024-06-26,2024-06-26T15:50:00+00:00,2024-06-26T15:55:00+00:00,completed,5,501.84,501.89,501.81,501.86,1184,1
5m,bbd21df977755393ba8f7c800d26a0bbe67ca6f60788c9226bde3d6828bc5795,b9350698db6e4403a1c19a5cb98d87c26ac0c5626e646c716d701f364bb4cb9a,2024-06-26,2024-06-26T15:55:00+00:00,2024-06-26T16:00:00+00:00,completed,5,501.85,501.9,501.82,501.87,1185,1
5m,bbd21df977755393ba8f7c800d26a0bbe67ca6f60788c9226bde3d6828bc5795,7b91693c2a421df948b29e8ebd4a522f0b4c5349fc4b0df7b1912db13515bd1d,2024-06-26,2024-06-26T16:00:00+00:00,2024-06-26T16:05:00+00:00,completed,5,501.86,501.91,501.83,501.88,1186,1
5m,bbd21df977755393ba8f7c800d26a0bbe67ca6f60788c9226bde3d6828bc5795,a975eb504bea2588187bdfbea7c1d7f114546a4b4c8a95adefb9996268595cf5,2024-06-26,2024-06-26T16:05:00+00:00,2024-06-26T16:10:00+00:00,completed,5,501.87,501.92,501.84,501.89,1187,1
5m,bbd21df977755393ba8f7c800d26a0bbe67ca6f60788c9226bde3d6828bc5795,0dc6e10aed56ec362fb6244df6a3c22c21c0a6baf169b61ba58a1b590ee20f92,2024-06-26,2024-06-26T16:10:00+00:00,2024-06-26T16:15:00+00:00,completed,5,501.88,501.93,501.85,501.9,1188,1
5m,bbd21df977755393ba8f7c800d26a0bbe67ca6f60788c9226bde3d6828bc5795,07b955942834c92262e7f400a0c002b344657c085f84e1aa73e57111dd8759ef,2024-06-26,2024-06-26T16:15:00+00:00,2024-06-26T16:20:00+00:00,completed,5,501.89,501.94,501.86,501.91,1189,1
5m,bbd21df977755393ba8f7c800d26a0bbe67ca6f60788c9226bde3d6828bc5795,d03a22f0e04dd305bf4ac6971ac952889a3c4899192cc469515c4bdd53acdeab,2024-06-26,2024-06-26T16:20:00+00:00,2024-06-26T16:25:00+00:00,completed,5,501.9,501.95,501.87,501.92,1190,1
5m,bbd21df977755393ba8f7c800d26a0bbe67ca6f60788c9226bde3d6828bc5795,a6d0fdd32b6bad2e9034b72bb4af8e90293ea4eeac950f89375eb02b41ce0145,2024-06-26,2024-06-26T16:25:00+00:00,2024-06-26T16:30:00+00:00,completed,5,501.91,501.96,501.88,501.93,1191,1
5m,bbd21df977755393ba8f7c800d26a0bbe67ca6f60788c9226bde3d6828bc5795,b3f25fb88df5eeabf9cbaa1583194c91265a52ebd1ec64d091a35ed94d6a9f15,2024-06-26,2024-06-26T16:30:00+00:00,2024-06-26T16:35:00+00:00,completed,5,501.92,501.97,501.89,501.94,1192,1
5m,bbd21df977755393ba8f7c800d26a0bbe67ca6f60788c9226bde3d6828bc5795,e120486eaefd28b640230249356516885cc5a713191143d2b3a6de7277f71a93,2024-06-26,2024-06-26T16:35:00+00:00,2024-06-26T16:40:00+00:00,completed,5,501.93,501.98,501.9,501.95,1193,1
5m,bbd21df977755393ba8f7c800d26a0bbe67ca6f60788c9226bde3d6828bc5795,247252b696c4967c0f0fe1480a201d4bdb4e15543a82c20cc39a26686cbe0d83,2024-06-26,2024-06-26T16:40:00+00:00,2024-06-26T16:45:00+00:00,completed,5,501.94,501.99,501.91,501.96,1194,1
5m,bbd21df977755393ba8f7c800d26a0bbe67ca6f60788c9226bde3d6828bc5795,7105f6419a387fffb1f65eb1c83047c3b56b676dfe9ca5340276d5b02da58cfb,2024-06-26,2024-06-26T16:45:00+00:00,2024-06-26T16:50:00+00:00,completed,5,501.95,502,501.92,501.97,1195,1
5m,bbd21df977755393ba8f7c800d26a0bbe67ca6f60788c9226bde3d6828bc5795,e90168975b568872fa028ab1224ceedfc09bc2aea47d6e0c93bf631d697e36f6,2024-06-26,2024-06-26T16:50:00+00:00,2024-06-26T16:55:00+00:00,completed,5,501.96,502.01,501.93,501.98,1196,1
5m,bbd21df977755393ba8f7c800d26a0bbe67ca6f60788c9226bde3d6828bc5795,d2df4a8fbcf4ef51567cab9b7ff5315a2e9c0e571d6e26760ea412c3cbb807fb,2024-06-26,2024-06-26T16:55:00+00:00,2024-06-26T17:00:00+00:00,completed,5,501.97,502.02,501.94,501.99,1197,1
5m,bbd21df977755393ba8f7c800d26a0bbe67ca6f60788c9226bde3d6828bc5795,4095450c3d47e31324ba480812b50b3d54a86acd26968da4c1b70318abfd10f6,2024-06-26,2024-06-26T17:00:00+00:00,2024-06-26T17:05:00+00:00,completed,5,501.98,502.03,501.95,502,1198,1
5m,bbd21df977755393ba8f7c800d26a0bbe67ca6f60788c9226bde3d6828bc5795,289e1e73492f1e162d1646a2db2c9cd54161286426cd0c77758e0ff7978b2ef6,2024-06-26,2024-06-26T17:05:00+00:00,2024-06-26T17:10:00+00:00,completed,5,501.99,502.04,501.96,502.01,1199,1
5m,bbd21df977755393ba8f7c800d26a0bbe67ca6f60788c9226bde3d6828bc5795,8b5c7e994ca84c7cce3099248a65a10cce654e6fdc6f6a180bf3498a45c03b1b,2024-06-26,2024-06-26T17:10:00+00:00,2024-06-26T17:15:00+00:00,completed,5,502,502.05,501.97,502.02,1200,1
5m,bbd21df977755393ba8f7c800d26a0bbe67ca6f60788c9226bde3d6828bc5795,3b86a9cb32766c01f0d56b79ac7919d6f6958645772bdc1c8d58d84d692f6200,2024-06-26,2024-06-26T17:15:00+00:00,2024-06-26T17:20:00+00:00,completed,5,502.01,502.06,501.98,502.03,1201,1
5m,bbd21df977755393ba8f7c800d26a0bbe67ca6f60788c9226bde3d6828bc5795,2a0ce3f21d3235d0beaea099d365ae98b3ae3e6aac8494f6296161bd722d89ca,2024-06-26,2024-06-26T17:20:00+00:00,2024-06-26T17:25:00+00:00,completed,5,502.02,502.07,501.99,502.04,1202,1
5m,bbd21df977755393ba8f7c800d26a0bbe67ca6f60788c9226bde3d6828bc5795,e616993b4e783f95546ee8538a51a1e819590219a4b87a2b32ceb082d176b5f6,2024-06-26,2024-06-26T17:25:00+00:00,2024-06-26T17:30:00+00:00,completed,5,502.03,502.08,502,502.05,1203,1
5m,bbd21df977755393ba8f7c800d26a0bbe67ca6f60788c9226bde3d6828bc5795,f9b07f2dd0ac674041ffa3c1dc4dfd583c01301f0549b6481f2c70eb2e7697d5,2024-06-26,2024-06-26T17:30:00+00:00,2024-06-26T17:35:00+00:00,completed,5,502.04,502.09,502.01,502.06,1204,1
5m,bbd21df977755393ba8f7c800d26a0bbe67ca6f60788c9226bde3d6828bc5795,99e279208f798b286cb5209c24bb640ea3a099afd66f00ba0040142e64798f96,2024-06-26,2024-06-26T17:35:00+00:00,2024-06-26T17:40:00+00:00,completed,5,502.05,502.1,502.02,502.07,1205,1
5m,bbd21df977755393ba8f7c800d26a0bbe67ca6f60788c9226bde3d6828bc5795,4c02d5ed4b096a49327daa54952229f825ffe623afb2c6f5ea7dc06e42521c01,2024-06-26,2024-06-26T17:40:00+00:00,2024-06-26T17:45:00+00:00,completed,5,502.06,502.11,502.03,502.08,1206,1
5m,bbd21df977755393ba8f7c800d26a0bbe67ca6f60788c9226bde3d6828bc5795,6d7ecd6776ee1591227f20ab45ae98b0531acf7d9afc794e91d0796e92aee81f,2024-06-26,2024-06-26T17:45:00+00:00,2024-06-26T17:50:00+00:00,completed,5,502.07,502.12,502.04,502.09,1207,1
5m,bbd21df977755393ba8f7c800d26a0bbe67ca6f60788c9226bde3d6828bc5795,8c66b0ded143bf60c7690021f66c3147dab4114ef1fd41e81236936524d384c5,2024-06-26,2024-06-26T17:50:00+00:00,2024-06-26T17:55:00+00:00,completed,5,502.08,502.13,502.05,502.1,1208,1
5m,bbd21df977755393ba8f7c800d26a0bbe67ca6f60788c9226bde3d6828bc5795,3f576fb6d664b89e11ede63f606e94781cbf34213c183f3a5a004f54d7e69dfd,2024-06-26,2024-06-26T17:55:00+00:00,2024-06-26T18:00:00+00:00,completed,5,502.09,502.14,502.06,502.11,1209,1
5m,bbd21df977755393ba8f7c800d26a0bbe67ca6f60788c9226bde3d6828bc5795,239c4fd5205265a70677c0805f6b9887b1dea9409d0826241eb29ab3bec638b4,2024-06-26,2024-06-26T18:00:00+00:00,2024-06-26T18:05:00+00:00,completed,5,502.1,502.15,502.07,502.12,1210,1
5m,bbd21df977755393ba8f7c800d26a0bbe67ca6f60788c9226bde3d6828bc5795,e11e6a05c58484d1d73117d87c7807f0945859a163ca3d7357ff0272c959e67c,2024-06-26,2024-06-26T18:05:00+00:00,2024-06-26T18:10:00+00:00,completed,5,502.11,502.16,502.08,502.13,1211,1
5m,bbd21df977755393ba8f7c800d26a0bbe67ca6f60788c9226bde3d6828bc5795,7b8a157f4373f202af7ed8de1f051d542b8ff17b049577d78bdb4748b663ef22,2024-06-26,2024-06-26T18:10:00+00:00,2024-06-26T18:15:00+00:00,completed,5,502.12,502.17,502.09,502.14,1212,1
5m,bbd21df977755393ba8f7c800d26a0bbe67ca6f60788c9226bde3d6828bc5795,c4dc257eac47bb91ebbed51e21666ada2ef1777830ac94ae6298dbc105087b69,2024-06-26,2024-06-26T18:15:00+00:00,2024-06-26T18:20:00+00:00,completed,5,502.13,502.18,502.1,502.15,1213,1
5m,bbd21df977755393ba8f7c800d26a0bbe67ca6f60788c9226bde3d6828bc5795,67b0f70e9639c7630c2a44d6f5d036d2405ee3d81a5767493291bc73deeb4183,2024-06-26,2024-06-26T18:20:00+00:00,2024-06-26T18:25:00+00:00,completed,5,502.14,502.19,502.11,502.16,1214,1
5m,bbd21df977755393ba8f7c800d26a0bbe67ca6f60788c9226bde3d6828bc5795,b73152d48d92a6cb3f914232c20bc61d2458809884dfb16e968c7438ca22a8f2,2024-06-26,2024-06-26T18:25:00+00:00,2024-06-26T18:30:00+00:00,completed,5,502.15,502.2,502.12,502.17,1215,1
5m,bbd21df977755393ba8f7c800d26a0bbe67ca6f60788c9226bde3d6828bc5795,30159c106607aaa835ea82beeb19cc3c5ae83df111a95c14564d77f8314e17e4,2024-06-26,2024-06-26T18:30:00+00:00,2024-06-26T18:35:00+00:00,completed,5,502.16,502.21,502.13,502.18,1216,1
5m,bbd21df977755393ba8f7c800d26a0bbe67ca6f60788c9226bde3d6828bc5795,60171d11ffaf06abe4982041bfaf6252269cef1972cc23a3a58a69b9462ae8ca,2024-06-26,2024-06-26T18:35:00+00:00,2024-06-26T18:40:00+00:00,completed,5,502.17,502.22,502.14,502.19,1217,1
5m,bbd21df977755393ba8f7c800d26a0bbe67ca6f60788c9226bde3d6828bc5795,4ebbb800661318ad6c3678e3dd6465ed04596a145ad92f9020dc101e4988c63c,2024-06-26,2024-06-26T18:40:00+00:00,2024-06-26T18:45:00+00:00,completed,5,502.18,502.23,502.15,502.2,1218,1
5m,bbd21df977755393ba8f7c800d26a0bbe67ca6f60788c9226bde3d6828bc5795,89052f4f41b0e1cdd4a42baa122b9df817663790c7fd9697acb91ebd8c9e79c7,2024-06-26,2024-06-26T18:45:00+00:00,2024-06-26T18:50:00+00:00,completed,5,502.19,502.24,502.16,502.21,1219,1
5m,bbd21df977755393ba8f7c800d26a0bbe67ca6f60788c9226bde3d6828bc5795,c3a5ddc27abbd2c2b4c3ebb0d0ec8b7643911df526f6580a27a9065ee44eb4ba,2024-06-26,2024-06-26T18:50:00+00:00,2024-06-26T18:55:00+00:00,completed,5,502.2,502.25,502.17,502.22,1220,1
5m,bbd21df977755393ba8f7c800d26a0bbe67ca6f60788c9226bde3d6828bc5795,e838dd0ece4eac2867b186584d85ee0edb3373850a994da223c9a88b96076ec5,2024-06-26,2024-06-26T18:55:00+00:00,2024-06-26T19:00:00+00:00,completed,5,502.21,502.26,502.18,502.23,1221,1
5m,bbd21df977755393ba8f7c800d26a0bbe67ca6f60788c9226bde3d6828bc5795,46b6dd9e82027d605de7a98e3546fe9be1777c392a304bf60fda555026225c19,2024-06-26,2024-06-26T19:00:00+00:00,2024-06-26T19:05:00+00:00,completed,5,502.22,502.27,502.19,502.24,1222,1
5m,bbd21df977755393ba8f7c800d26a0bbe67ca6f60788c9226bde3d6828bc5795,ce32914db33277843eeb538c984e72c060c7ab9697c7252b6280653c90b88636,2024-06-26,2024-06-26T19:05:00+00:00,2024-06-26T19:10:00+00:00,completed,5,502.23,502.28,502.2,502.25,1223,1
5m,bbd21df977755393ba8f7c800d26a0bbe67ca6f60788c9226bde3d6828bc5795,d01db0ed96bb83d710103d48c4749d02e475a25d8f1b3474f83f56e3531ac4d4,2024-06-26,2024-06-26T19:10:00+00:00,2024-06-26T19:15:00+00:00,completed,5,502.24,502.29,502.21,502.26,1224,1
5m,bbd21df977755393ba8f7c800d26a0bbe67ca6f60788c9226bde3d6828bc5795,32a6fe7d8cb25cb992b58bf95a2c656206ff87a7a0d29f0a0d1ad6771253dca0,2024-06-26,2024-06-26T19:15:00+00:00,2024-06-26T19:20:00+00:00,completed,5,502.25,502.3,502.22,502.27,1225,1
5m,bbd21df977755393ba8f7c800d26a0bbe67ca6f60788c9226bde3d6828bc5795,7e5ef0189980775c11b964d22594f8e7e572cf6206c92d4b75c0331c67902cf3,2024-06-26,2024-06-26T19:20:00+00:00,2024-06-26T19:25:00+00:00,completed,5,502.26,502.31,502.23,502.28,1226,1
5m,bbd21df977755393ba8f7c800d26a0bbe67ca6f60788c9226bde3d6828bc5795,757c446dd64f06a3bfffcaa88b7f9a1eccae64ef9a703eb590ed47ab0fd7b9e7,2024-06-26,2024-06-26T19:25:00+00:00,2024-06-26T19:30:00+00:00,completed,5,502.27,502.32,502.24,502.29,1227,1
5m,bbd21df977755393ba8f7c800d26a0bbe67ca6f60788c9226bde3d6828bc5795,15910754a2841d3068c61c08453458427d6f1fbc7493c1c9ec34cb9478a1d2b9,2024-06-26,2024-06-26T19:30:00+00:00,2024-06-26T19:35:00+00:00,completed,5,502.28,502.33,502.25,502.3,1228,1
5m,bbd21df977755393ba8f7c800d26a0bbe67ca6f60788c9226bde3d6828bc5795,2d110f59346d8c598d4cfae62ea668866dcc7634a19e536f6775cd440c2105a5,2024-06-26,2024-06-26T19:35:00+00:00,2024-06-26T19:40:00+00:00,completed,5,502.29,502.34,502.26,502.31,1229,1
5m,bbd21df977755393ba8f7c800d26a0bbe67ca6f60788c9226bde3d6828bc5795,f97759853c75e223a86d5b9c36cea6ea54aa953d7cb52782264c0bd904043536,2024-06-26,2024-06-26T19:40:00+00:00,2024-06-26T19:45:00+00:00,completed,5,502.3,502.35,502.27,502.32,1230,1
5m,bbd21df977755393ba8f7c800d26a0bbe67ca6f60788c9226bde3d6828bc5795,d16e4046fc7711cff7623b4424271605bc74e03bae0b7b21ec07619873231db9,2024-06-26,2024-06-26T19:45:00+00:00,2024-06-26T19:50:00+00:00,completed,5,502.31,502.36,502.28,502.33,1231,1
5m,bbd21df977755393ba8f7c800d26a0bbe67ca6f60788c9226bde3d6828bc5795,0d4651990007cc70f1508933c2ccc1d3f9b900c3f5d302290792bd800e3c7b76,2024-06-26,2024-06-26T19:50:00+00:00,2024-06-26T19:55:00+00:00,completed,5,502.32,502.37,502.29,502.34,1232,1
5m,bbd21df977755393ba8f7c800d26a0bbe67ca6f60788c9226bde3d6828bc5795,e52f3eba7f520b3ac2dd1a218cb9f1bab361415553c347a9173eba84c7af71c1,2024-06-26,2024-06-26T19:55:00+00:00,2024-06-26T20:00:00+00:00,completed,5,502.33,502.38,502.3,502.35,1233,1
5m,bbd21df977755393ba8f7c800d26a0bbe67ca6f60788c9226bde3d6828bc5795,d0cbc99a7b186bf71d8bf95dda10bde79b2dedd4d5b3874c088eab0e54d83157,2024-06-27,2024-06-27T13:30:00+00:00,2024-06-27T13:35:00+00:00,completed,5,502.34,502.39,502.31,502.36,1234,1
5m,bbd21df977755393ba8f7c800d26a0bbe67ca6f60788c9226bde3d6828bc5795,70d02c32c12a29c552a19de8c3a246d8d0ad8402be307031c264f9128c62f783,2024-06-27,2024-06-27T13:35:00+00:00,2024-06-27T13:40:00+00:00,completed,5,502.35,502.4,502.32,502.37,1235,1
5m,bbd21df977755393ba8f7c800d26a0bbe67ca6f60788c9226bde3d6828bc5795,d5ab8b5cc3c6b10c1e4d30a1dad7fd947d7e42754356d80d21ef0c024dc384f5,2024-06-27,2024-06-27T13:40:00+00:00,2024-06-27T13:45:00+00:00,completed,5,502.36,502.41,502.33,502.38,1236,1
5m,bbd21df977755393ba8f7c800d26a0bbe67ca6f60788c9226bde3d6828bc5795,a0f64a1428eadc15e3665c884a5afc08ad509b895af8edd238c875e2413df291,2024-06-27,2024-06-27T13:45:00+00:00,2024-06-27T13:50:00+00:00,completed,5,502.37,502.42,502.34,502.39,1237,1
5m,bbd21df977755393ba8f7c800d26a0bbe67ca6f60788c9226bde3d6828bc5795,4a01b57c41de7de20b97e64f8f276208dd9112de3e6459ec9c922cebd0ad56ab,2024-06-27,2024-06-27T13:50:00+00:00,2024-06-27T13:55:00+00:00,completed,5,502.38,502.43,502.35,502.4,1238,1
5m,bbd21df977755393ba8f7c800d26a0bbe67ca6f60788c9226bde3d6828bc5795,78aa0a780094d194b37fcc3adaaf64cf07ee64db5d36d90a27698e3b064f7a01,2024-06-27,2024-06-27T13:55:00+00:00,2024-06-27T14:00:00+00:00,completed,5,502.39,502.44,502.36,502.41,1239,1
5m,bbd21df977755393ba8f7c800d26a0bbe67ca6f60788c9226bde3d6828bc5795,07ce7bf8326e8428a5d46bc4288b4ed8131ccdcad244b66bcb1c6434cc8a6ffd,2024-06-27,2024-06-27T14:00:00+00:00,2024-06-27T14:05:00+00:00,completed,5,502.4,502.45,502.37,502.42,1240,1
5m,bbd21df977755393ba8f7c800d26a0bbe67ca6f60788c9226bde3d6828bc5795,2474cc9a62ac9692d3d5907ac01f57518bd86bd475c0195871bbf3b95554921d,2024-06-27,2024-06-27T14:05:00+00:00,2024-06-27T14:10:00+00:00,completed,5,502.41,502.46,502.38,502.43,1241,1
5m,bbd21df977755393ba8f7c800d26a0bbe67ca6f60788c9226bde3d6828bc5795,9ee96cbdb06d01cb9c1c0f978d3f9a6a5ab01f77e4f323e37217d72ed17121f4,2024-06-27,2024-06-27T14:10:00+00:00,2024-06-27T14:15:00+00:00,completed,5,502.42,502.47,502.39,502.44,1242,1
5m,bbd21df977755393ba8f7c800d26a0bbe67ca6f60788c9226bde3d6828bc5795,6fa3fbe3a5bd898f6ed6c881d5cadb517d2f11b19086fd96d650c980da2ca193,2024-06-27,2024-06-27T14:15:00+00:00,2024-06-27T14:20:00+00:00,completed,5,502.43,502.48,502.4,502.45,1243,1
5m,bbd21df977755393ba8f7c800d26a0bbe67ca6f60788c9226bde3d6828bc5795,fc4e503d9347b109f0a3860d44b5c1f9e6ec5383fe564cf69f168274474edbe9,2024-06-27,2024-06-27T14:20:00+00:00,2024-06-27T14:25:00+00:00,completed,5,502.44,502.49,502.41,502.46,1244,1
5m,bbd21df977755393ba8f7c800d26a0bbe67ca6f60788c9226bde3d6828bc5795,622acb059dbc3fc2087929038e9507122583ce5352af0ab92c49d7c5d6aa88d2,2024-06-27,2024-06-27T14:25:00+00:00,2024-06-27T14:30:00+00:00,completed,5,502.45,502.5,502.42,502.47,1245,1
5m,bbd21df977755393ba8f7c800d26a0bbe67ca6f60788c9226bde3d6828bc5795,6e1b96476450a4ba1cd0765fe2465e70e0a03ff4840b25d359eba583be906923,2024-06-27,2024-06-27T14:30:00+00:00,2024-06-27T14:35:00+00:00,completed,5,502.46,502.51,502.43,502.48,1246,1
5m,bbd21df977755393ba8f7c800d26a0bbe67ca6f60788c9226bde3d6828bc5795,8bf525efc0f584c72d61361930174e61cefac949cf67190930ffcd3a3df8dde6,2024-06-27,2024-06-27T14:35:00+00:00,2024-06-27T14:40:00+00:00,completed,5,502.47,502.52,502.44,502.49,1247,1
5m,bbd21df977755393ba8f7c800d26a0bbe67ca6f60788c9226bde3d6828bc5795,646498e0c283bfad3f8af62415de944c1d029df0b2be09dfce89cd103a802fef,2024-06-27,2024-06-27T14:40:00+00:00,2024-06-27T14:45:00+00:00,completed,5,502.48,502.53,502.45,502.5,1248,1
5m,bbd21df977755393ba8f7c800d26a0bbe67ca6f60788c9226bde3d6828bc5795,1ded54931c5c40bd6087d93f8adcb338a6febea53f4c38a939a2e60fea24be29,2024-06-27,2024-06-27T14:45:00+00:00,2024-06-27T14:50:00+00:00,completed,5,502.49,502.54,502.46,502.51,1249,1
5m,bbd21df977755393ba8f7c800d26a0bbe67ca6f60788c9226bde3d6828bc5795,4835a74fe4f09264a1ba2a125c4342813a74636b6304ebc0c1a93702f402c764,2024-06-27,2024-06-27T14:50:00+00:00,2024-06-27T14:55:00+00:00,completed,5,502.5,502.55,502.47,502.52,1250,1
5m,bbd21df977755393ba8f7c800d26a0bbe67ca6f60788c9226bde3d6828bc5795,4330a23b7352b27e608dd0b0b1c7a43d23a1780fd22ffed00248828531b403ba,2024-06-27,2024-06-27T14:55:00+00:00,2024-06-27T15:00:00+00:00,completed,5,502.51,502.56,502.48,502.53,1251,1
5m,bbd21df977755393ba8f7c800d26a0bbe67ca6f60788c9226bde3d6828bc5795,dcbb7b8d40eceb1430800755c8e60d0043b769fc834125b682b4a2034c51f0aa,2024-06-27,2024-06-27T15:00:00+00:00,2024-06-27T15:05:00+00:00,completed,5,502.52,502.57,502.49,502.54,1252,1
5m,bbd21df977755393ba8f7c800d26a0bbe67ca6f60788c9226bde3d6828bc5795,3dc5af49b3de119101d6dedbc77ddaec3f42033cbc492ff561e951b984389a8a,2024-06-27,2024-06-27T15:05:00+00:00,2024-06-27T15:10:00+00:00,completed,5,502.53,502.58,502.5,502.55,1253,1
5m,bbd21df977755393ba8f7c800d26a0bbe67ca6f60788c9226bde3d6828bc5795,232a1382ab18719ebe43bbf03cd70966fd1580d935a6f7e0bdeb14cdc2023968,2024-06-27,2024-06-27T15:10:00+00:00,2024-06-27T15:15:00+00:00,completed,5,502.54,502.59,502.51,502.56,1254,1
5m,bbd21df977755393ba8f7c800d26a0bbe67ca6f60788c9226bde3d6828bc5795,49ddcfb92fcb9eb8533f64c8ebc95434a3af24b381df375ff9b9e05174ff4fd8,2024-06-27,2024-06-27T15:15:00+00:00,2024-06-27T15:20:00+00:00,completed,5,502.55,502.6,502.52,502.57,1255,1
5m,bbd21df977755393ba8f7c800d26a0bbe67ca6f60788c9226bde3d6828bc5795,7bcf159e4edb8c3d71213bb1d119bc3e2efc6fd8f25a27dc8cd7042a6f4f7eaf,2024-06-27,2024-06-27T15:20:00+00:00,2024-06-27T15:25:00+00:00,completed,5,502.56,502.61,502.53,502.58,1256,1
5m,bbd21df977755393ba8f7c800d26a0bbe67ca6f60788c9226bde3d6828bc5795,bc7a1ff8fd3b2dec9ffcd4773ebdaef362e2b7db8e7093504cda25611e6d202e,2024-06-27,2024-06-27T15:25:00+00:00,2024-06-27T15:30:00+00:00,completed,5,502.57,502.62,502.54,502.59,1257,1
5m,bbd21df977755393ba8f7c800d26a0bbe67ca6f60788c9226bde3d6828bc5795,eadab1447a70ecc5c6eaec69938c2982b9686cb0052e88eeee8802b76487a716,2024-06-27,2024-06-27T15:30:00+00:00,2024-06-27T15:35:00+00:00,completed,5,502.58,502.63,502.55,502.6,1258,1
5m,bbd21df977755393ba8f7c800d26a0bbe67ca6f60788c9226bde3d6828bc5795,96fdf7b9ae7eda16b32fb30cf63444b7b2d1fd05065300b2f3a41cbec3560593,2024-06-27,2024-06-27T15:35:00+00:00,2024-06-27T15:40:00+00:00,completed,5,502.59,502.64,502.56,502.61,1259,1
5m,bbd21df977755393ba8f7c800d26a0bbe67ca6f60788c9226bde3d6828bc5795,d65d97fe5c7942511ace44dbee23735a68ea452bc48a47de55e792447c8c733f,2024-06-27,2024-06-27T15:40:00+00:00,2024-06-27T15:45:00+00:00,completed,5,502.6,502.65,502.57,502.62,1260,1
5m,bbd21df977755393ba8f7c800d26a0bbe67ca6f60788c9226bde3d6828bc5795,3c1bab827990dd18fefb8821b6e360534d407a54c66f7b8b01f6752dfd66c4af,2024-06-27,2024-06-27T15:45:00+00:00,2024-06-27T15:50:00+00:00,completed,5,502.61,502.66,502.58,502.63,1261,1
5m,bbd21df977755393ba8f7c800d26a0bbe67ca6f60788c9226bde3d6828bc5795,cddbfcb50e94d0d8a4445e3ce5b2a6a96f2c42136d7d89633fa80542a33f747b,2024-06-27,2024-06-27T15:50:00+00:00,2024-06-27T15:55:00+00:00,completed,5,502.62,502.67,502.59,502.64,1262,1
5m,bbd21df977755393ba8f7c800d26a0bbe67ca6f60788c9226bde3d6828bc5795,ca11ac754f94bcfcfb94c73c0af6929539080f0209eeddead11849efe462a659,2024-06-27,2024-06-27T15:55:00+00:00,2024-06-27T16:00:00+00:00,completed,5,502.63,502.68,502.6,502.65,1263,1
5m,bbd21df977755393ba8f7c800d26a0bbe67ca6f60788c9226bde3d6828bc5795,6cf87d76bd3d5af8bfd29fad0777d2b20d56b2b15acf9928dd7f9c204140f7a8,2024-06-27,2024-06-27T16:00:00+00:00,2024-06-27T16:05:00+00:00,completed,5,502.64,502.69,502.61,502.66,1264,1
5m,bbd21df977755393ba8f7c800d26a0bbe67ca6f60788c9226bde3d6828bc5795,44158835316fa641508faad03f7aa8b2bacc6057bf5af3418d462c45691b948d,2024-06-27,2024-06-27T16:05:00+00:00,2024-06-27T16:10:00+00:00,completed,5,502.65,502.7,502.62,502.67,1265,1
5m,bbd21df977755393ba8f7c800d26a0bbe67ca6f60788c9226bde3d6828bc5795,b5b87d14759a269f7efa358c95cdbfb09d45e015df1234b6c85380fd7d91c2df,2024-06-27,2024-06-27T16:10:00+00:00,2024-06-27T16:15:00+00:00,completed,5,502.66,502.71,502.63,502.68,1266,1
5m,bbd21df977755393ba8f7c800d26a0bbe67ca6f60788c9226bde3d6828bc5795,291d0b20e0a5b9f154b5c008ee0088658a4782b40bd1fd08830914cbc1932379,2024-06-27,2024-06-27T16:15:00+00:00,2024-06-27T16:20:00+00:00,completed,5,502.67,502.72,502.64,502.69,1267,1
5m,bbd21df977755393ba8f7c800d26a0bbe67ca6f60788c9226bde3d6828bc5795,d2d40697e470fb280e0c4245ad94d9a52de1262248bc59488e64393534e9420c,2024-06-27,2024-06-27T16:20:00+00:00,2024-06-27T16:25:00+00:00,completed,5,502.68,502.73,502.65,502.7,1268,1
5m,bbd21df977755393ba8f7c800d26a0bbe67ca6f60788c9226bde3d6828bc5795,00a9c372d35d064f4a27c0fc311c50e95e69c422141bf9a4de5ce5ea30f3e0ba,2024-06-27,2024-06-27T16:25:00+00:00,2024-06-27T16:30:00+00:00,completed,5,502.69,502.74,502.66,502.71,1269,1
5m,bbd21df977755393ba8f7c800d26a0bbe67ca6f60788c9226bde3d6828bc5795,78185259f67f786669bfd5666635ccc3fba3af5bfa7b0b2b111bd27559664fcf,2024-06-27,2024-06-27T16:30:00+00:00,2024-06-27T16:35:00+00:00,completed,5,502.7,502.75,502.67,502.72,1270,1
5m,bbd21df977755393ba8f7c800d26a0bbe67ca6f60788c9226bde3d6828bc5795,9218c92bc1bfc18600eeecf3502b4e8c278f39d8d5f03350968b05bca1f036d7,2024-06-27,2024-06-27T16:35:00+00:00,2024-06-27T16:40:00+00:00,completed,5,502.71,502.76,502.68,502.73,1271,1
5m,bbd21df977755393ba8f7c800d26a0bbe67ca6f60788c9226bde3d6828bc5795,cde59d3e9addbaac0758be6bde487b4d932230d8e071408a4e2890398a444296,2024-06-27,2024-06-27T16:40:00+00:00,2024-06-27T16:45:00+00:00,completed,5,502.72,502.77,502.69,502.74,1272,1
5m,bbd21df977755393ba8f7c800d26a0bbe67ca6f60788c9226bde3d6828bc5795,0169c5c13c430b5aed8188ca40d38dd682e952bccd30ad42634c790eb20087db,2024-06-27,2024-06-27T16:45:00+00:00,2024-06-27T16:50:00+00:00,completed,5,502.73,502.78,502.7,502.75,1273,1
5m,bbd21df977755393ba8f7c800d26a0bbe67ca6f60788c9226bde3d6828bc5795,f16a068b3d8610d03878c07d53df1b473042fac626e3b7dfae28d74926d138d9,2024-06-27,2024-06-27T16:50:00+00:00,2024-06-27T16:55:00+00:00,completed,5,502.74,502.79,502.71,502.76,1274,1
5m,bbd21df977755393ba8f7c800d26a0bbe67ca6f60788c9226bde3d6828bc5795,bf90c2455efd6e60e48bc525f708d79ccdfe1544b529c2ecb61f3eee97122ef7,2024-06-27,2024-06-27T16:55:00+00:00,2024-06-27T17:00:00+00:00,completed,5,502.75,502.8,502.72,502.77,1275,1
5m,bbd21df977755393ba8f7c800d26a0bbe67ca6f60788c9226bde3d6828bc5795,b925d2221d898f4f915dcf8d7e16e72378c35c9a8b5c28b678c21030729f06d0,2024-06-27,2024-06-27T17:00:00+00:00,2024-06-27T17:05:00+00:00,completed,5,502.76,502.81,502.73,502.78,1276,1
5m,bbd21df977755393ba8f7c800d26a0bbe67ca6f60788c9226bde3d6828bc5795,fb12072384d95bf578a0de7a9bb43c62b65bf35003d652dc85dcf1956b845a56,2024-06-27,2024-06-27T17:05:00+00:00,2024-06-27T17:10:00+00:00,completed,5,502.77,502.82,502.74,502.79,1277,1
5m,bbd21df977755393ba8f7c800d26a0bbe67ca6f60788c9226bde3d6828bc5795,0cf606abde0435c0847ac88632ab781c820cb577f16492397d317dcc970936d5,2024-06-27,2024-06-27T17:10:00+00:00,2024-06-27T17:15:00+00:00,completed,5,502.78,502.83,502.75,502.8,1278,1
5m,bbd21df977755393ba8f7c800d26a0bbe67ca6f60788c9226bde3d6828bc5795,e13c10711226d683daaeaa27b9baf7a5232e1fedabe4857d2469da4a839ef66c,2024-06-27,2024-06-27T17:15:00+00:00,2024-06-27T17:20:00+00:00,completed,5,502.79,502.84,502.76,502.81,1279,1
5m,bbd21df977755393ba8f7c800d26a0bbe67ca6f60788c9226bde3d6828bc5795,d3e036e62ebc137791aaec07840f164a1953a8f2c76bcf4ad84064593a119d3b,2024-06-27,2024-06-27T17:20:00+00:00,2024-06-27T17:25:00+00:00,completed,5,502.8,502.85,502.77,502.82,1280,1
5m,bbd21df977755393ba8f7c800d26a0bbe67ca6f60788c9226bde3d6828bc5795,00f5662123530e64e73e44fa77b1422ad80fd37e357371bcc0f68e8a09dafbfb,2024-06-27,2024-06-27T17:25:00+00:00,2024-06-27T17:30:00+00:00,completed,5,502.81,502.86,502.78,502.83,1281,1
5m,bbd21df977755393ba8f7c800d26a0bbe67ca6f60788c9226bde3d6828bc5795,57caaf3b5c012550e66b0848f50966c17ec7c07bf719450f2f9fcc8743511347,2024-06-27,2024-06-27T17:30:00+00:00,2024-06-27T17:35:00+00:00,completed,5,502.82,502.87,502.79,502.84,1282,1
5m,bbd21df977755393ba8f7c800d26a0bbe67ca6f60788c9226bde3d6828bc5795,7e657b3d3c5c5e55015fbcc662fae4e0ee21ce5aedc9d55615e9c66947398c4b,2024-06-27,2024-06-27T17:35:00+00:00,2024-06-27T17:40:00+00:00,completed,5,502.83,502.88,502.8,502.85,1283,1
5m,bbd21df977755393ba8f7c800d26a0bbe67ca6f60788c9226bde3d6828bc5795,e3729191e599feee55496802736bc29ce1aaac9211cdcaded6da4e072b9f83e2,2024-06-27,2024-06-27T17:40:00+00:00,2024-06-27T17:45:00+00:00,completed,5,502.84,502.89,502.81,502.86,1284,1
5m,bbd21df977755393ba8f7c800d26a0bbe67ca6f60788c9226bde3d6828bc5795,844d63b852991c72cddb0d1f5e4d67c5c2bb556b3ae3ad0726107e37be9fe30a,2024-06-27,2024-06-27T17:45:00+00:00,2024-06-27T17:50:00+00:00,completed,5,502.85,502.9,502.82,502.87,1285,1
5m,bbd21df977755393ba8f7c800d26a0bbe67ca6f60788c9226bde3d6828bc5795,054b7505c1aa9e2dc93d98c3beecf9100e05c075908ad38508f273b7d8d6d0a1,2024-06-27,2024-06-27T17:50:00+00:00,2024-06-27T17:55:00+00:00,completed,5,502.86,502.91,502.83,502.88,1286,1
5m,bbd21df977755393ba8f7c800d26a0bbe67ca6f60788c9226bde3d6828bc5795,1ecb5d887d79ee9568dc8ea33876a56d84c9af8a3055e17efdf4c73078642898,2024-06-27,2024-06-27T17:55:00+00:00,2024-06-27T18:00:00+00:00,completed,5,502.87,502.92,502.84,502.89,1287,1
5m,bbd21df977755393ba8f7c800d26a0bbe67ca6f60788c9226bde3d6828bc5795,cdd19c88a8c865ded2e3eccdd942fd2649391d69bfaa5bb7e4e60bd1f04c59dc,2024-06-27,2024-06-27T18:00:00+00:00,2024-06-27T18:05:00+00:00,completed,5,502.88,502.93,502.85,502.9,1288,1
5m,bbd21df977755393ba8f7c800d26a0bbe67ca6f60788c9226bde3d6828bc5795,cfc7d3dad59028729ab0ad57c45c07570e2a78df12c4149a593da308b8e3373b,2024-06-27,2024-06-27T18:05:00+00:00,2024-06-27T18:10:00+00:00,completed,5,502.89,502.94,502.86,502.91,1289,1
5m,bbd21df977755393ba8f7c800d26a0bbe67ca6f60788c9226bde3d6828bc5795,b0637fda3426aa4fda08a152df569e4b0fc5d13d8036ff4bf1e6064caaa3d8c5,2024-06-27,2024-06-27T18:10:00+00:00,2024-06-27T18:15:00+00:00,completed,5,502.9,502.95,502.87,502.92,1290,1
5m,bbd21df977755393ba8f7c800d26a0bbe67ca6f60788c9226bde3d6828bc5795,16a29b06d1ef52b23e0f7a0b05543498f4d67ae360c6bcdbe16527ec80cca9e2,2024-06-27,2024-06-27T18:15:00+00:00,2024-06-27T18:20:00+00:00,completed,5,502.91,502.96,502.88,502.93,1291,1
5m,bbd21df977755393ba8f7c800d26a0bbe67ca6f60788c9226bde3d6828bc5795,67145df05e3475612f4ef9e35a4ab8e1893761ce4fa369d3f4c2acdd3f48061f,2024-06-27,2024-06-27T18:20:00+00:00,2024-06-27T18:25:00+00:00,completed,5,502.92,502.97,502.89,502.94,1292,1
5m,bbd21df977755393ba8f7c800d26a0bbe67ca6f60788c9226bde3d6828bc5795,8dd67e4d5e339b9c0960d7591b0cc6561a67f08f7ea1597fed145a5bdb6c7e43,2024-06-27,2024-06-27T18:25:00+00:00,2024-06-27T18:30:00+00:00,completed,5,502.93,502.98,502.9,502.95,1293,1
5m,bbd21df977755393ba8f7c800d26a0bbe67ca6f60788c9226bde3d6828bc5795,16bcaf4b571eaac13397a78dd5c822ab7a6a09e1556b0320c3a843a42648f1f8,2024-06-27,2024-06-27T18:30:00+00:00,2024-06-27T18:35:00+00:00,completed,5,502.94,502.99,502.91,502.96,1294,1
5m,bbd21df977755393ba8f7c800d26a0bbe67ca6f60788c9226bde3d6828bc5795,db4abb9db393db528e945743efd35661394738965df6f991ae8026244e50836a,2024-06-27,2024-06-27T18:35:00+00:00,2024-06-27T18:40:00+00:00,completed,5,502.95,503,502.92,502.97,1295,1
5m,bbd21df977755393ba8f7c800d26a0bbe67ca6f60788c9226bde3d6828bc5795,9f44c637e86ac06ea4a72b4f1060693dad7e7972e7afd9328a418712a72ab622,2024-06-27,2024-06-27T18:40:00+00:00,2024-06-27T18:45:00+00:00,completed,5,502.96,503.01,502.93,502.98,1296,1
5m,bbd21df977755393ba8f7c800d26a0bbe67ca6f60788c9226bde3d6828bc5795,1579df6610dd730da3058188d3cd3e901d0995ca9dfd6d3692ec1740f0bb868e,2024-06-27,2024-06-27T18:45:00+00:00,2024-06-27T18:50:00+00:00,completed,5,502.97,503.02,502.94,502.99,1297,1
5m,bbd21df977755393ba8f7c800d26a0bbe67ca6f60788c9226bde3d6828bc5795,85a6ec882e82c07f6f5a167af8ea154bfe9c86fb6b483c255d5536a2a08332ea,2024-06-27,2024-06-27T18:50:00+00:00,2024-06-27T18:55:00+00:00,completed,5,502.98,503.03,502.95,503,1298,1
5m,bbd21df977755393ba8f7c800d26a0bbe67ca6f60788c9226bde3d6828bc5795,b97c501f562e6acb2b8b87b011939c745bdd0d24cbaf354748a645c0f038a53a,2024-06-27,2024-06-27T18:55:00+00:00,2024-06-27T19:00:00+00:00,completed,5,502.99,503.04,502.96,503.01,1299,1
5m,bbd21df977755393ba8f7c800d26a0bbe67ca6f60788c9226bde3d6828bc5795,ff6d25b1f99c1f3880b944e1335dd4bfe42dc809353a5f0738bb8ef055a9e0f6,2024-06-27,2024-06-27T19:00:00+00:00,2024-06-27T19:05:00+00:00,completed,5,503,503.05,502.97,503.02,1300,1
5m,bbd21df977755393ba8f7c800d26a0bbe67ca6f60788c9226bde3d6828bc5795,e8410e816adb388ad6cf7867992affe191d7e837b068180049b7a5fcf8ad72cd,2024-06-27,2024-06-27T19:05:00+00:00,2024-06-27T19:10:00+00:00,completed,5,503.01,503.06,502.98,503.03,1301,1
5m,bbd21df977755393ba8f7c800d26a0bbe67ca6f60788c9226bde3d6828bc5795,6f9a4dec8d3d4e6ca4a8df3aa238c9bedaf7adfd7fc77e35ef0035a6d4bd3842,2024-06-27,2024-06-27T19:10:00+00:00,2024-06-27T19:15:00+00:00,completed,5,503.02,503.07,502.99,503.04,1302,1
5m,bbd21df977755393ba8f7c800d26a0bbe67ca6f60788c9226bde3d6828bc5795,f650084f00ae5c0c7ff1f587e27f929f8e7161083d9bd5b0747f377e3b8bb6cf,2024-06-27,2024-06-27T19:15:00+00:00,2024-06-27T19:20:00+00:00,completed,5,503.03,503.08,503,503.05,1303,1
5m,bbd21df977755393ba8f7c800d26a0bbe67ca6f60788c9226bde3d6828bc5795,203e7e5634812309260118f60b91affcb3beb480728e17eb225708fb16902b72,2024-06-27,2024-06-27T19:20:00+00:00,2024-06-27T19:25:00+00:00,completed,5,503.04,503.09,503.01,503.06,1304,1
5m,bbd21df977755393ba8f7c800d26a0bbe67ca6f60788c9226bde3d6828bc5795,5e70bff7225b80db7d16a8e754383217ee8ace65c71e5ada9707bbfd43be29a7,2024-06-27,2024-06-27T19:25:00+00:00,2024-06-27T19:30:00+00:00,completed,5,503.05,503.1,503.02,503.07,1305,1
5m,bbd21df977755393ba8f7c800d26a0bbe67ca6f60788c9226bde3d6828bc5795,71b94f375d423ed96570b1e4880e1531e87415de550fa0e8b1c80c9b57114574,2024-06-27,2024-06-27T19:30:00+00:00,2024-06-27T19:35:00+00:00,completed,5,503.06,503.11,503.03,503.08,1306,1
5m,bbd21df977755393ba8f7c800d26a0bbe67ca6f60788c9226bde3d6828bc5795,0d7aa769b263a3503fa63acbb407303d3aa5d5bcafc7ee569de044b384fc57eb,2024-06-27,2024-06-27T19:35:00+00:00,2024-06-27T19:40:00+00:00,completed,5,503.07,503.12,503.04,503.09,1307,1
5m,bbd21df977755393ba8f7c800d26a0bbe67ca6f60788c9226bde3d6828bc5795,dec52f4e1ef83a70c7f24f5dcd6be4f1394b4edd5b1f363d120149af369ba6c7,2024-06-27,2024-06-27T19:40:00+00:00,2024-06-27T19:45:00+00:00,completed,5,503.08,503.13,503.05,503.1,1308,1
5m,bbd21df977755393ba8f7c800d26a0bbe67ca6f60788c9226bde3d6828bc5795,e17199de8130d70ae785c032bb976570a36934f588ef10fd8d171a02e9f06ab9,2024-06-27,2024-06-27T19:45:00+00:00,2024-06-27T19:50:00+00:00,completed,5,503.09,503.14,503.06,503.11,1309,1
5m,bbd21df977755393ba8f7c800d26a0bbe67ca6f60788c9226bde3d6828bc5795,62f7e7295a2baf969b59f203c5e70dfc07e40360310266220563ce40c8f0a993,2024-06-27,2024-06-27T19:50:00+00:00,2024-06-27T19:55:00+00:00,completed,5,503.1,503.15,503.07,503.12,1310,1
5m,bbd21df977755393ba8f7c800d26a0bbe67ca6f60788c9226bde3d6828bc5795,2fca91f071220dd495e75408cd516485755e095f2639622c99886bb7e28c931e,2024-06-27,2024-06-27T19:55:00+00:00,2024-06-27T20:00:00+00:00,completed,5,503.11,503.16,503.08,503.13,1311,1
5m,bbd21df977755393ba8f7c800d26a0bbe67ca6f60788c9226bde3d6828bc5795,ab63eedec8da4bdc729d9d94460c1b6b3f66f896620fde2b5e00e4d898454ecf,2024-06-28,2024-06-28T13:30:00+00:00,2024-06-28T13:35:00+00:00,completed,5,503.12,503.17,503.09,503.14,1312,1
5m,bbd21df977755393ba8f7c800d26a0bbe67ca6f60788c9226bde3d6828bc5795,23d8aecc13ec77eec34e9661f148b551478d4c463c242fe82db6d68742c0061f,2024-06-28,2024-06-28T13:35:00+00:00,2024-06-28T13:40:00+00:00,completed,5,503.13,503.18,503.1,503.15,1313,1
5m,bbd21df977755393ba8f7c800d26a0bbe67ca6f60788c9226bde3d6828bc5795,bc0809b3e3a913a06d595179042be5766b86051c52ea6368cd582feb9ecbe01a,2024-06-28,2024-06-28T13:40:00+00:00,2024-06-28T13:45:00+00:00,completed,5,503.14,503.19,503.11,503.16,1314,1
5m,bbd21df977755393ba8f7c800d26a0bbe67ca6f60788c9226bde3d6828bc5795,df790d836b2ede24677b69f1d577eb692d431900a5b9a9a5558c214eb32df33b,2024-06-28,2024-06-28T13:45:00+00:00,2024-06-28T13:50:00+00:00,completed,5,503.15,503.2,503.12,503.17,1315,1
5m,bbd21df977755393ba8f7c800d26a0bbe67ca6f60788c9226bde3d6828bc5795,23cd3913fb0726e2fe2c87c65e86d97d40ecab538aca05f18c4d88cb524d3ad0,2024-06-28,2024-06-28T13:50:00+00:00,2024-06-28T13:55:00+00:00,completed,5,503.16,503.21,503.13,503.18,1316,1
5m,bbd21df977755393ba8f7c800d26a0bbe67ca6f60788c9226bde3d6828bc5795,f32c308a2dc83bed50f0004f75dac4960d3162fe9c6d04c28a02aaeaf73072da,2024-06-28,2024-06-28T13:55:00+00:00,2024-06-28T14:00:00+00:00,completed,5,503.17,503.22,503.14,503.19,1317,1
5m,bbd21df977755393ba8f7c800d26a0bbe67ca6f60788c9226bde3d6828bc5795,9f2d6e3974631d3b7645023f242e6b7909034264b9732eb611e71cd67bc57462,2024-06-28,2024-06-28T14:00:00+00:00,2024-06-28T14:05:00+00:00,completed,5,503.18,503.23,503.15,503.2,1318,1
5m,bbd21df977755393ba8f7c800d26a0bbe67ca6f60788c9226bde3d6828bc5795,a2c9bc1bc90db1c2fd36431a6861df97dcca5894525a8dcc7ed63ddd06583591,2024-06-28,2024-06-28T14:05:00+00:00,2024-06-28T14:10:00+00:00,completed,5,503.19,503.24,503.16,503.21,1319,1
5m,bbd21df977755393ba8f7c800d26a0bbe67ca6f60788c9226bde3d6828bc5795,4b795efd64676e35caee741f2794ee159e10e7fd9329a82d31fa75d0303c9522,2024-06-28,2024-06-28T14:10:00+00:00,2024-06-28T14:15:00+00:00,completed,5,503.2,503.25,503.17,503.22,1320,1
5m,bbd21df977755393ba8f7c800d26a0bbe67ca6f60788c9226bde3d6828bc5795,4802cd86bbe3d131b264478c79b72c063384d01aefa1b13206d8f75f0596c472,2024-06-28,2024-06-28T14:15:00+00:00,2024-06-28T14:20:00+00:00,completed,5,503.21,503.26,503.18,503.23,1321,1
5m,bbd21df977755393ba8f7c800d26a0bbe67ca6f60788c9226bde3d6828bc5795,f8d9fa3296c3e513168314d01e1c45222b351559390c76a4faf4b1407b00197f,2024-06-28,2024-06-28T14:20:00+00:00,2024-06-28T14:25:00+00:00,completed,5,503.22,503.27,503.19,503.24,1322,1
5m,bbd21df977755393ba8f7c800d26a0bbe67ca6f60788c9226bde3d6828bc5795,82b0ad98144d842a98f79ca76eac4425f142196058b17a8c7a62f945e17f52af,2024-06-28,2024-06-28T14:25:00+00:00,2024-06-28T14:30:00+00:00,completed,5,503.23,503.28,503.2,503.25,1323,1
5m,bbd21df977755393ba8f7c800d26a0bbe67ca6f60788c9226bde3d6828bc5795,c7d4d3a485814a6a2fa6f1453c50648479335f1d44bc75ba4fa47a237f3ef0ae,2024-06-28,2024-06-28T14:30:00+00:00,2024-06-28T14:35:00+00:00,completed,5,503.24,503.29,503.21,503.26,1324,1
5m,bbd21df977755393ba8f7c800d26a0bbe67ca6f60788c9226bde3d6828bc5795,691d1108e5d25cdbec73bc48f2bcf46ea56a54bdbd7df54111d29fc2722e93a9,2024-06-28,2024-06-28T14:35:00+00:00,2024-06-28T14:40:00+00:00,completed,5,503.25,503.3,503.22,503.27,1325,1
5m,bbd21df977755393ba8f7c800d26a0bbe67ca6f60788c9226bde3d6828bc5795,0d114b0eba7d6d3b118c8d16be855a4b15a4a9b5f534eb715734dbdc409e721f,2024-06-28,2024-06-28T14:40:00+00:00,2024-06-28T14:45:00+00:00,completed,5,503.26,503.31,503.23,503.28,1326,1
5m,bbd21df977755393ba8f7c800d26a0bbe67ca6f60788c9226bde3d6828bc5795,ba597900f927f58dd95ee99c1d1cbc07a0a9973160f07d3d74f3c8adfe1c0a5a,2024-06-28,2024-06-28T14:45:00+00:00,2024-06-28T14:50:00+00:00,completed,5,503.27,503.32,503.24,503.29,1327,1
5m,bbd21df977755393ba8f7c800d26a0bbe67ca6f60788c9226bde3d6828bc5795,9dcbe7c5b042ddc0448208b2a21c5a05baf256851515e9327c97f66decf7ccf8,2024-06-28,2024-06-28T14:50:00+00:00,2024-06-28T14:55:00+00:00,completed,5,503.28,503.33,503.25,503.3,1328,1
5m,bbd21df977755393ba8f7c800d26a0bbe67ca6f60788c9226bde3d6828bc5795,92c798bf7e1d881b4c6e865bf01a9cbcb774df9ecd51d326b2d33d00dfd18953,2024-06-28,2024-06-28T14:55:00+00:00,2024-06-28T15:00:00+00:00,completed,5,503.29,503.34,503.26,503.31,1329,1
5m,bbd21df977755393ba8f7c800d26a0bbe67ca6f60788c9226bde3d6828bc5795,d70e7f994c3a9f00ac41bc9f21cc79766ae59e3db7de19153566953761c0d8a7,2024-06-28,2024-06-28T15:00:00+00:00,2024-06-28T15:05:00+00:00,completed,5,503.3,503.35,503.27,503.32,1330,1
5m,bbd21df977755393ba8f7c800d26a0bbe67ca6f60788c9226bde3d6828bc5795,1e60b486dd9ff6f739749c6d3bbdae7508d4ecf9380728f90dfa5d32412d8974,2024-06-28,2024-06-28T15:05:00+00:00,2024-06-28T15:10:00+00:00,completed,5,503.31,503.36,503.28,503.33,1331,1
5m,bbd21df977755393ba8f7c800d26a0bbe67ca6f60788c9226bde3d6828bc5795,d7f2cf533abbbeca6444e933a990cc8fa4be7911d73bb13b886da4416a513763,2024-06-28,2024-06-28T15:10:00+00:00,2024-06-28T15:15:00+00:00,completed,5,503.32,503.37,503.29,503.34,1332,1
5m,bbd21df977755393ba8f7c800d26a0bbe67ca6f60788c9226bde3d6828bc5795,b5aa8d5916657d9e58508311777eaf5961ba64969641f0bc19a9d1db6eed45dc,2024-06-28,2024-06-28T15:15:00+00:00,2024-06-28T15:20:00+00:00,completed,5,503.33,503.38,503.3,503.35,1333,1
5m,bbd21df977755393ba8f7c800d26a0bbe67ca6f60788c9226bde3d6828bc5795,e481411125365a0f7a5db53ed35594f4dec972e9039e38e4196f9822db270c1b,2024-06-28,2024-06-28T15:20:00+00:00,2024-06-28T15:25:00+00:00,completed,5,503.34,503.39,503.31,503.36,1334,1
5m,bbd21df977755393ba8f7c800d26a0bbe67ca6f60788c9226bde3d6828bc5795,3e42b7832c030ce7027acca3b3b1ff8b1251be9ded5e5e357c3e41c20d928e7f,2024-06-28,2024-06-28T15:25:00+00:00,2024-06-28T15:30:00+00:00,completed,5,503.35,503.4,503.32,503.37,1335,1
5m,bbd21df977755393ba8f7c800d26a0bbe67ca6f60788c9226bde3d6828bc5795,c7ba730fa58fbff9850eeff68310840120cdb7c43b932333322ce0fa6f1d477a,2024-06-28,2024-06-28T15:30:00+00:00,2024-06-28T15:35:00+00:00,completed,5,503.36,503.41,503.33,503.38,1336,1
5m,bbd21df977755393ba8f7c800d26a0bbe67ca6f60788c9226bde3d6828bc5795,ed2b280fbb63987e0f590d814ab3c3fce269503f77abb04b7277a4c232ec0f38,2024-06-28,2024-06-28T15:35:00+00:00,2024-06-28T15:40:00+00:00,completed,5,503.37,503.42,503.34,503.39,1337,1
5m,bbd21df977755393ba8f7c800d26a0bbe67ca6f60788c9226bde3d6828bc5795,7f2c780d3499f8643cfbe54635730735e90236cb9b3da1891bc3ac54a4f1abef,2024-06-28,2024-06-28T15:40:00+00:00,2024-06-28T15:45:00+00:00,completed,5,503.38,503.43,503.35,503.4,1338,1
5m,bbd21df977755393ba8f7c800d26a0bbe67ca6f60788c9226bde3d6828bc5795,dcf74009a8f85344f4dced0bf2029e82b6979e4749c7518643131db2b1a4cfb5,2024-06-28,2024-06-28T15:45:00+00:00,2024-06-28T15:50:00+00:00,completed,5,503.39,503.44,503.36,503.41,1339,1
5m,bbd21df977755393ba8f7c800d26a0bbe67ca6f60788c9226bde3d6828bc5795,560ae2ceb3ebd2422e67674173743d66f08f1257bf1ac8f5dd4c3bca08c97dd4,2024-06-28,2024-06-28T15:50:00+00:00,2024-06-28T15:55:00+00:00,completed,5,503.4,503.45,503.37,503.42,1340,1
5m,bbd21df977755393ba8f7c800d26a0bbe67ca6f60788c9226bde3d6828bc5795,17be81073e093392c206446fd2e464ef92cbbc4427faa8f64cac94a4e527da45,2024-06-28,2024-06-28T15:55:00+00:00,2024-06-28T16:00:00+00:00,completed,5,503.41,503.46,503.38,503.43,1341,1
5m,bbd21df977755393ba8f7c800d26a0bbe67ca6f60788c9226bde3d6828bc5795,f0e7a92719851a44f476846cb6d8f581d5c0610caa628c5feb2ec38ed8afe501,2024-06-28,2024-06-28T16:00:00+00:00,2024-06-28T16:05:00+00:00,completed,5,503.42,503.47,503.39,503.44,1342,1
5m,bbd21df977755393ba8f7c800d26a0bbe67ca6f60788c9226bde3d6828bc5795,e1964fbce299b9635aa67ee82995328767384d6e6a9d7613bf08bf4df66f6fe6,2024-06-28,2024-06-28T16:05:00+00:00,2024-06-28T16:10:00+00:00,completed,5,503.43,503.48,503.4,503.45,1343,1
5m,bbd21df977755393ba8f7c800d26a0bbe67ca6f60788c9226bde3d6828bc5795,6cbe30b57ff483daf2a22bd53a663029e0704a165bef9f922e0bfced4cce734f,2024-06-28,2024-06-28T16:10:00+00:00,2024-06-28T16:15:00+00:00,completed,5,503.44,503.49,503.41,503.46,1344,1
5m,bbd21df977755393ba8f7c800d26a0bbe67ca6f60788c9226bde3d6828bc5795,ebf183bb692f863046adceedad1d0e80d405906fed73a93b5787fbef33651aee,2024-06-28,2024-06-28T16:15:00+00:00,2024-06-28T16:20:00+00:00,completed,5,503.45,503.5,503.42,503.47,1345,1
5m,bbd21df977755393ba8f7c800d26a0bbe67ca6f60788c9226bde3d6828bc5795,15fac288ec61fcf31365273b04d7151929f46807af881cab91798761d08ef439,2024-06-28,2024-06-28T16:20:00+00:00,2024-06-28T16:25:00+00:00,completed,5,503.46,503.51,503.43,503.48,1346,1
5m,bbd21df977755393ba8f7c800d26a0bbe67ca6f60788c9226bde3d6828bc5795,aba82c22cda932190f76e80a92bc85fe948b3b60e1915bff4b0f786460b59160,2024-06-28,2024-06-28T16:25:00+00:00,2024-06-28T16:30:00+00:00,completed,5,503.47,503.52,503.44,503.49,1347,1
5m,bbd21df977755393ba8f7c800d26a0bbe67ca6f60788c9226bde3d6828bc5795,0db57a2a38a0ae17412cedaefea85d2c92a3b0b1f5512a38c48e258bb36d3989,2024-06-28,2024-06-28T16:30:00+00:00,2024-06-28T16:35:00+00:00,completed,5,503.48,503.53,503.45,503.5,1348,1
5m,bbd21df977755393ba8f7c800d26a0bbe67ca6f60788c9226bde3d6828bc5795,ef44737e6de6a4be242ae704d32ac9e456a678b7396c5e5dc414eb16182d812a,2024-06-28,2024-06-28T16:35:00+00:00,2024-06-28T16:40:00+00:00,completed,5,503.49,503.54,503.46,503.51,1349,1
5m,bbd21df977755393ba8f7c800d26a0bbe67ca6f60788c9226bde3d6828bc5795,40b2743e847ef7ab00d99503145ec1ffb31ea6ec77357a4c443f1f62be646dad,2024-06-28,2024-06-28T16:40:00+00:00,2024-06-28T16:45:00+00:00,completed,5,503.5,503.55,503.47,503.52,1350,1
5m,bbd21df977755393ba8f7c800d26a0bbe67ca6f60788c9226bde3d6828bc5795,1d93d30a99fa0fb41f68b29a8537b5aa19d0729a51ab0c92622a5adb273a38a1,2024-06-28,2024-06-28T16:45:00+00:00,2024-06-28T16:50:00+00:00,completed,5,503.51,503.56,503.48,503.53,1351,1
5m,bbd21df977755393ba8f7c800d26a0bbe67ca6f60788c9226bde3d6828bc5795,4abe86768b5f007bf015411341a208c93ce282e54e28e8e6130b2f5444974dce,2024-06-28,2024-06-28T16:50:00+00:00,2024-06-28T16:55:00+00:00,completed,5,503.52,503.57,503.49,503.54,1352,1
5m,bbd21df977755393ba8f7c800d26a0bbe67ca6f60788c9226bde3d6828bc5795,ac9fdc0e6bc0cc8182843a57116a5f1818a89f721e664f79f480a9ded8324676,2024-06-28,2024-06-28T16:55:00+00:00,2024-06-28T17:00:00+00:00,completed,5,503.53,503.58,503.5,503.55,1353,1
5m,bbd21df977755393ba8f7c800d26a0bbe67ca6f60788c9226bde3d6828bc5795,3c20a4cb09dc1d318060d1712876d3bb4fa4f3bd25636235d5b21f03c6f2a483,2024-06-28,2024-06-28T17:00:00+00:00,2024-06-28T17:05:00+00:00,completed,5,503.54,503.59,503.51,503.56,1354,1
5m,bbd21df977755393ba8f7c800d26a0bbe67ca6f60788c9226bde3d6828bc5795,2e40d16fd18b2a245128dd6c79524844385b7ee331a494926b0fff105856402e,2024-06-28,2024-06-28T17:05:00+00:00,2024-06-28T17:10:00+00:00,completed,5,503.55,503.6,503.52,503.57,1355,1
5m,bbd21df977755393ba8f7c800d26a0bbe67ca6f60788c9226bde3d6828bc5795,24f13e97e7af9e9f53de46be5d1951bd69389a5be14cd71127c598d0ba0b93aa,2024-06-28,2024-06-28T17:10:00+00:00,2024-06-28T17:15:00+00:00,completed,5,503.56,503.61,503.53,503.58,1356,1
5m,bbd21df977755393ba8f7c800d26a0bbe67ca6f60788c9226bde3d6828bc5795,dda95bd063d251296e498614d8a67c98ba89489732a49ad20297661353bad66b,2024-06-28,2024-06-28T17:15:00+00:00,2024-06-28T17:20:00+00:00,completed,5,503.57,503.62,503.54,503.59,1357,1
5m,bbd21df977755393ba8f7c800d26a0bbe67ca6f60788c9226bde3d6828bc5795,0eb45d220615bcf5f3f0ea77e50b716b65e2645aa6bb4a942890af4c3bec47f7,2024-06-28,2024-06-28T17:20:00+00:00,2024-06-28T17:25:00+00:00,completed,5,503.58,503.63,503.55,503.6,1358,1
5m,bbd21df977755393ba8f7c800d26a0bbe67ca6f60788c9226bde3d6828bc5795,523e2fcabd270142ec6de7b041ca43e16faa7410b2055d2c3310dde49ac1a7eb,2024-06-28,2024-06-28T17:25:00+00:00,2024-06-28T17:30:00+00:00,completed,5,503.59,503.64,503.56,503.61,1359,1
5m,bbd21df977755393ba8f7c800d26a0bbe67ca6f60788c9226bde3d6828bc5795,99942f152327fa5b54b1f32dc1e8652d855694c32d40bdbb513d0d5832c5230e,2024-06-28,2024-06-28T17:30:00+00:00,2024-06-28T17:35:00+00:00,completed,5,503.6,503.65,503.57,503.62,1360,1
5m,bbd21df977755393ba8f7c800d26a0bbe67ca6f60788c9226bde3d6828bc5795,23673052a120596679fcc8fbf326dd3d3b2cf8f69252ce29bb8f005c44b6b507,2024-06-28,2024-06-28T17:35:00+00:00,2024-06-28T17:40:00+00:00,completed,5,503.61,503.66,503.58,503.63,1361,1
5m,bbd21df977755393ba8f7c800d26a0bbe67ca6f60788c9226bde3d6828bc5795,e66bafd7f7f134092d31320b1dceb76528b9fd862fd45c95f0bf98e832a52328,2024-06-28,2024-06-28T17:40:00+00:00,2024-06-28T17:45:00+00:00,completed,5,503.62,503.67,503.59,503.64,1362,1
5m,bbd21df977755393ba8f7c800d26a0bbe67ca6f60788c9226bde3d6828bc5795,c6e8cbd7caa10c3bec019e535bffbc1bf50c1a763169308987018559cf3d7949,2024-06-28,2024-06-28T17:45:00+00:00,2024-06-28T17:50:00+00:00,completed,5,503.63,503.68,503.6,503.65,1363,1
5m,bbd21df977755393ba8f7c800d26a0bbe67ca6f60788c9226bde3d6828bc5795,e2e533feb293768a8f435df6013c3317d25e406f719610266d037ad18fba021e,2024-06-28,2024-06-28T17:50:00+00:00,2024-06-28T17:55:00+00:00,completed,5,503.64,503.69,503.61,503.66,1364,1
5m,bbd21df977755393ba8f7c800d26a0bbe67ca6f60788c9226bde3d6828bc5795,42111aad0f4840f6a09e56128189ddeb856a5bd273ff8660deb0b0a6bd17252d,2024-06-28,2024-06-28T17:55:00+00:00,2024-06-28T18:00:00+00:00,completed,5,503.65,503.7,503.62,503.67,1365,1
5m,bbd21df977755393ba8f7c800d26a0bbe67ca6f60788c9226bde3d6828bc5795,e96bf6f197174e8b38be1bf469318d40164c897df70eedc2dc3d529083cc8658,2024-06-28,2024-06-28T18:00:00+00:00,2024-06-28T18:05:00+00:00,completed,5,503.66,503.71,503.63,503.68,1366,1
5m,bbd21df977755393ba8f7c800d26a0bbe67ca6f60788c9226bde3d6828bc5795,498f1d0df96ec5ce767f1dacc06ff150a7948a6e5c5513bc3b0a98c75b84c99a,2024-06-28,2024-06-28T18:05:00+00:00,2024-06-28T18:10:00+00:00,completed,5,503.67,503.72,503.64,503.69,1367,1
5m,bbd21df977755393ba8f7c800d26a0bbe67ca6f60788c9226bde3d6828bc5795,3895818494b55358537676d01f6cf07b681eac8effebd81573b80708a9fbbf1c,2024-06-28,2024-06-28T18:10:00+00:00,2024-06-28T18:15:00+00:00,completed,5,503.68,503.73,503.65,503.7,1368,1
5m,bbd21df977755393ba8f7c800d26a0bbe67ca6f60788c9226bde3d6828bc5795,603f0797ec525ad7c4e9cc417abb9da293eebcbf8bba319a27a9a53b1c3487f5,2024-06-28,2024-06-28T18:15:00+00:00,2024-06-28T18:20:00+00:00,completed,5,503.69,503.74,503.66,503.71,1369,1
5m,bbd21df977755393ba8f7c800d26a0bbe67ca6f60788c9226bde3d6828bc5795,694f6328874837d9b3dd97a15cb79bd5c537d510956e85bfe6a56281b1050f5e,2024-06-28,2024-06-28T18:20:00+00:00,2024-06-28T18:25:00+00:00,completed,5,503.7,503.75,503.67,503.72,1370,1
5m,bbd21df977755393ba8f7c800d26a0bbe67ca6f60788c9226bde3d6828bc5795,5b022d7055264257a5aa5ea585647ee615865be15378f9ca51c1876148391f3d,2024-06-28,2024-06-28T18:25:00+00:00,2024-06-28T18:30:00+00:00,completed,5,503.71,503.76,503.68,503.73,1371,1
5m,bbd21df977755393ba8f7c800d26a0bbe67ca6f60788c9226bde3d6828bc5795,4007d3e033f4102304169d5b74ad8e83bea995a5d32c76ce11c0da62c17dd223,2024-06-28,2024-06-28T18:30:00+00:00,2024-06-28T18:35:00+00:00,completed,5,503.72,503.77,503.69,503.74,1372,1
5m,bbd21df977755393ba8f7c800d26a0bbe67ca6f60788c9226bde3d6828bc5795,9db4ff16d8971ddaf553afaa50a2e363b046955ae1e9b78a6f86fddc3e57ca21,2024-06-28,2024-06-28T18:35:00+00:00,2024-06-28T18:40:00+00:00,completed,5,503.73,503.78,503.7,503.75,1373,1
5m,bbd21df977755393ba8f7c800d26a0bbe67ca6f60788c9226bde3d6828bc5795,9b652d3a978ab63404a68ac09fd773b32b7a46b0f20a692dd417a8cd9e44918a,2024-06-28,2024-06-28T18:40:00+00:00,2024-06-28T18:45:00+00:00,completed,5,503.74,503.79,503.71,503.76,1374,1
5m,bbd21df977755393ba8f7c800d26a0bbe67ca6f60788c9226bde3d6828bc5795,70ac7edf8262de437131afe88a5b23038fb28990fa05512faecd427ce50415a8,2024-06-28,2024-06-28T18:45:00+00:00,2024-06-28T18:50:00+00:00,completed,5,503.75,503.8,503.72,503.77,1375,1
5m,bbd21df977755393ba8f7c800d26a0bbe67ca6f60788c9226bde3d6828bc5795,80122368066c1a868295c61731e60065675fa19492002165ed2805aaa62b916a,2024-06-28,2024-06-28T18:50:00+00:00,2024-06-28T18:55:00+00:00,completed,5,503.76,503.81,503.73,503.78,1376,1
5m,bbd21df977755393ba8f7c800d26a0bbe67ca6f60788c9226bde3d6828bc5795,3382598ec1035b07ac194f89a0b4f6a419749fa75cbbec9f7a14cf65a745a3e7,2024-06-28,2024-06-28T18:55:00+00:00,2024-06-28T19:00:00+00:00,completed,5,503.77,503.82,503.74,503.79,1377,1
5m,bbd21df977755393ba8f7c800d26a0bbe67ca6f60788c9226bde3d6828bc5795,db5fd837cb85cfbdba39e6685da09ae3aa01defda6f6c2a3e8519361e1a52eee,2024-06-28,2024-06-28T19:00:00+00:00,2024-06-28T19:05:00+00:00,completed,5,503.78,503.83,503.75,503.8,1378,1
5m,bbd21df977755393ba8f7c800d26a0bbe67ca6f60788c9226bde3d6828bc5795,f11a6a5285e2954019cc8a30dc1fc9c0b0722d32ef7ef8b74c24fb054f9fe1ad,2024-06-28,2024-06-28T19:05:00+00:00,2024-06-28T19:10:00+00:00,completed,5,503.79,503.84,503.76,503.81,1379,1
5m,bbd21df977755393ba8f7c800d26a0bbe67ca6f60788c9226bde3d6828bc5795,91edb10503200f983a65a9e43406aabf1848f91846a8e0872e4e52c30b9f15e0,2024-06-28,2024-06-28T19:10:00+00:00,2024-06-28T19:15:00+00:00,completed,5,503.8,503.85,503.77,503.82,1380,1
5m,bbd21df977755393ba8f7c800d26a0bbe67ca6f60788c9226bde3d6828bc5795,a3f893dc2f67840913ffc782790b9de3c19c8b7b30a7ed9c4686e4cc689984f2,2024-06-28,2024-06-28T19:15:00+00:00,2024-06-28T19:20:00+00:00,completed,5,503.81,503.86,503.78,503.83,1381,1
5m,bbd21df977755393ba8f7c800d26a0bbe67ca6f60788c9226bde3d6828bc5795,b6b882960b6a90b14a6888fe35233427583a2ccaa59132366afe9a97abcf8f28,2024-06-28,2024-06-28T19:20:00+00:00,2024-06-28T19:25:00+00:00,completed,5,503.82,503.87,503.79,503.84,1382,1
5m,bbd21df977755393ba8f7c800d26a0bbe67ca6f60788c9226bde3d6828bc5795,93809a3d049e4e0aa755dfbc66b82d70aafd58c7ee1bb6bb91f133fcef92a903,2024-06-28,2024-06-28T19:25:00+00:00,2024-06-28T19:30:00+00:00,completed,5,503.83,503.88,503.8,503.85,1383,1
5m,bbd21df977755393ba8f7c800d26a0bbe67ca6f60788c9226bde3d6828bc5795,61af02169f92ea0c76b3d0436b2395e06ed29589a1eeea1f7994f589e181aa13,2024-06-28,2024-06-28T19:30:00+00:00,2024-06-28T19:35:00+00:00,completed,5,503.84,503.89,503.81,503.86,1384,1
5m,bbd21df977755393ba8f7c800d26a0bbe67ca6f60788c9226bde3d6828bc5795,4cdcd40c32dc990c97a2d7014fa5c471669a8c43547f89fca9ae83d6c51d9beb,2024-06-28,2024-06-28T19:35:00+00:00,2024-06-28T19:40:00+00:00,completed,5,503.85,503.9,503.82,503.87,1385,1
5m,bbd21df977755393ba8f7c800d26a0bbe67ca6f60788c9226bde3d6828bc5795,531a01302f1d0765dc8e805536d1cb32f9c21f359d2636ed7c11a8c4c8171987,2024-06-28,2024-06-28T19:40:00+00:00,2024-06-28T19:45:00+00:00,completed,5,503.86,503.91,503.83,503.88,1386,1
5m,bbd21df977755393ba8f7c800d26a0bbe67ca6f60788c9226bde3d6828bc5795,16181a7dbf30e799cf8adb78b675cce1fdaf7f2a228b16a29a2c73a0e67b8f19,2024-06-28,2024-06-28T19:45:00+00:00,2024-06-28T19:50:00+00:00,completed,5,503.87,503.92,503.84,503.89,1387,1
5m,bbd21df977755393ba8f7c800d26a0bbe67ca6f60788c9226bde3d6828bc5795,d5bc78744ca1c1af0fa3f00920a0d1d4ea5deee79adfb12eaa98b970bf7c0d42,2024-06-28,2024-06-28T19:50:00+00:00,2024-06-28T19:55:00+00:00,completed,5,503.88,503.93,503.85,503.9,1388,1
5m,bbd21df977755393ba8f7c800d26a0bbe67ca6f60788c9226bde3d6828bc5795,e39cd37c600ead7f179d724edf4916e2be86f2d8fdd28acb0c307d20b5a010a1,2024-06-28,2024-06-28T19:55:00+00:00,2024-06-28T20:00:00+00:00,completed,5,503.89,503.94,503.86,503.91,1389,1
5m,bbd21df977755393ba8f7c800d26a0bbe67ca6f60788c9226bde3d6828bc5795,7376bf328b187c86578b7cefb666eb94c3ddb811220824cf6e013953a74eb349,2024-07-01,2024-07-01T13:30:00+00:00,2024-07-01T13:35:00+00:00,completed,5,503.9,503.95,503.87,503.92,1390,1
5m,bbd21df977755393ba8f7c800d26a0bbe67ca6f60788c9226bde3d6828bc5795,d17659e4a640423d27942b19ba46bf5c6060c5310d47a95a77d8b1cc818f10ba,2024-07-01,2024-07-01T13:35:00+00:00,2024-07-01T13:40:00+00:00,completed,5,503.91,503.96,503.88,503.93,1391,1
5m,bbd21df977755393ba8f7c800d26a0bbe67ca6f60788c9226bde3d6828bc5795,16982d66a1b74297a1065e2d07cf425e4068ba7c4e483e52d7086c91c73c8769,2024-07-01,2024-07-01T13:40:00+00:00,2024-07-01T13:45:00+00:00,completed,5,503.92,503.97,503.89,503.94,1392,1
5m,bbd21df977755393ba8f7c800d26a0bbe67ca6f60788c9226bde3d6828bc5795,a216f17ce2f538f1e61618c8d826161674c062d4b91dd2fc7d084ce03ff9b631,2024-07-01,2024-07-01T13:45:00+00:00,2024-07-01T13:50:00+00:00,completed,5,503.93,503.98,503.9,503.95,1393,1
5m,bbd21df977755393ba8f7c800d26a0bbe67ca6f60788c9226bde3d6828bc5795,0d0304e1534372bc2a945610449b140640470ed124c2e8f8964ac0355b28590a,2024-07-01,2024-07-01T13:50:00+00:00,2024-07-01T13:55:00+00:00,completed,5,503.94,503.99,503.91,503.96,1394,1
5m,bbd21df977755393ba8f7c800d26a0bbe67ca6f60788c9226bde3d6828bc5795,272bdd8e3cdcfe30dd52f17638b06b858c6a48ea8d0ffae36eef8bfbc848d714,2024-07-01,2024-07-01T13:55:00+00:00,2024-07-01T14:00:00+00:00,completed,5,503.95,504,503.92,503.97,1395,1
5m,bbd21df977755393ba8f7c800d26a0bbe67ca6f60788c9226bde3d6828bc5795,fb837cefe467f65f9fe26e4ab7fdf0d0aad4a5ecdf0c7bd3abc1555c004e2e58,2024-07-01,2024-07-01T14:00:00+00:00,2024-07-01T14:05:00+00:00,completed,5,503.96,504.01,503.93,503.98,1396,1
5m,bbd21df977755393ba8f7c800d26a0bbe67ca6f60788c9226bde3d6828bc5795,8abd7b27a19db9155193e3d082a0900750aff1e956c48b408f3824d1449acc97,2024-07-01,2024-07-01T14:05:00+00:00,2024-07-01T14:10:00+00:00,completed,5,503.97,504.02,503.94,503.99,1397,1
5m,bbd21df977755393ba8f7c800d26a0bbe67ca6f60788c9226bde3d6828bc5795,086c453432bd8122d3c7fab0b7a84df27ee71462748993da84670fda55f21433,2024-07-01,2024-07-01T14:10:00+00:00,2024-07-01T14:15:00+00:00,completed,5,503.98,504.03,503.95,504,1398,1
5m,bbd21df977755393ba8f7c800d26a0bbe67ca6f60788c9226bde3d6828bc5795,731dce08a4b43859c99d8d521e5efb1d6dc0a29b7f923081ead28053b0fec9ae,2024-07-01,2024-07-01T14:15:00+00:00,2024-07-01T14:20:00+00:00,completed,5,503.99,504.04,503.96,504.01,1399,1
5m,bbd21df977755393ba8f7c800d26a0bbe67ca6f60788c9226bde3d6828bc5795,11eea2e21dc91b90d16d531d09718a37251714b4de8e6916182b286a9c1705b0,2024-07-01,2024-07-01T14:20:00+00:00,2024-07-01T14:25:00+00:00,completed,5,504,504.05,503.97,504.02,1400,1
5m,bbd21df977755393ba8f7c800d26a0bbe67ca6f60788c9226bde3d6828bc5795,66676e09801285669ab24451bdd137a92948857691eb5186b3852382297f0edc,2024-07-01,2024-07-01T14:25:00+00:00,2024-07-01T14:30:00+00:00,completed,5,504.01,504.06,503.98,504.03,1401,1
5m,bbd21df977755393ba8f7c800d26a0bbe67ca6f60788c9226bde3d6828bc5795,e20a16f82e86d60e9674f3c558b520de4a545f55f87e7b3e845610491474baf1,2024-07-01,2024-07-01T14:30:00+00:00,2024-07-01T14:35:00+00:00,completed,5,504.02,504.07,503.99,504.04,1402,1
5m,bbd21df977755393ba8f7c800d26a0bbe67ca6f60788c9226bde3d6828bc5795,1855bed0cde60501dcfc40c6add2d8ff9f9b3db03e30022aef76f203c149adaa,2024-07-01,2024-07-01T14:35:00+00:00,2024-07-01T14:40:00+00:00,completed,5,504.03,504.08,504,504.05,1403,1
5m,bbd21df977755393ba8f7c800d26a0bbe67ca6f60788c9226bde3d6828bc5795,38342797d4a1a15ab20fe14a1b6f8b94430a8e4b392ae8d867393ac99d4ed9ac,2024-07-01,2024-07-01T14:40:00+00:00,2024-07-01T14:45:00+00:00,completed,5,504.04,504.09,504.01,504.06,1404,1
5m,bbd21df977755393ba8f7c800d26a0bbe67ca6f60788c9226bde3d6828bc5795,ffd79d8f335fb48da673ca9625c42fb14638cfebf1115877df8c8aa2015aadb6,2024-07-01,2024-07-01T14:45:00+00:00,2024-07-01T14:50:00+00:00,completed,5,504.05,504.1,504.02,504.07,1405,1
5m,bbd21df977755393ba8f7c800d26a0bbe67ca6f60788c9226bde3d6828bc5795,1a75040035b5e353cc222a9898490682a93c9978efde1c5d26db6a9b5916895e,2024-07-01,2024-07-01T14:50:00+00:00,2024-07-01T14:55:00+00:00,completed,5,504.06,504.11,504.03,504.08,1406,1
5m,bbd21df977755393ba8f7c800d26a0bbe67ca6f60788c9226bde3d6828bc5795,8747d5ff170c2ae2760416a74f202e757b21a837e616577b074663bf3b388fb9,2024-07-01,2024-07-01T14:55:00+00:00,2024-07-01T15:00:00+00:00,completed,5,504.07,504.12,504.04,504.09,1407,1
5m,bbd21df977755393ba8f7c800d26a0bbe67ca6f60788c9226bde3d6828bc5795,77518ee5e814e1845ffe3827ff54b152d31d57a3a6e275aaf9d0e41a99eea9c2,2024-07-01,2024-07-01T15:00:00+00:00,2024-07-01T15:05:00+00:00,completed,5,504.08,504.13,504.05,504.1,1408,1
5m,bbd21df977755393ba8f7c800d26a0bbe67ca6f60788c9226bde3d6828bc5795,f51adc36e535fc7dfd3e113957333037f4ceeaca9268fd7acf60d4a83c2a2efc,2024-07-01,2024-07-01T15:05:00+00:00,2024-07-01T15:10:00+00:00,completed,5,504.09,504.14,504.06,504.11,1409,1
5m,bbd21df977755393ba8f7c800d26a0bbe67ca6f60788c9226bde3d6828bc5795,99477ea7009cc77eeba06a7deea7f36cdb5b1a9656eeecb775b4930aeaaa87a1,2024-07-01,2024-07-01T15:10:00+00:00,2024-07-01T15:15:00+00:00,completed,5,504.1,504.15,504.07,504.12,1410,1
5m,bbd21df977755393ba8f7c800d26a0bbe67ca6f60788c9226bde3d6828bc5795,b32ab9166b399c02851ab77248acc0ff285875868226fe0dfa86cd3f74081b79,2024-07-01,2024-07-01T15:15:00+00:00,2024-07-01T15:20:00+00:00,completed,5,504.11,504.16,504.08,504.13,1411,1
5m,bbd21df977755393ba8f7c800d26a0bbe67ca6f60788c9226bde3d6828bc5795,d26150eaef774582488e8856380705bbafb8e720ea5454a5dbae943025870d7e,2024-07-01,2024-07-01T15:20:00+00:00,2024-07-01T15:25:00+00:00,completed,5,504.12,504.17,504.09,504.14,1412,1
5m,bbd21df977755393ba8f7c800d26a0bbe67ca6f60788c9226bde3d6828bc5795,f639fbc5ffeed3970ab14b34c5836f150bd907d333191e35d414dcf483809aab,2024-07-01,2024-07-01T15:25:00+00:00,2024-07-01T15:30:00+00:00,completed,5,504.13,504.18,504.1,504.15,1413,1
5m,bbd21df977755393ba8f7c800d26a0bbe67ca6f60788c9226bde3d6828bc5795,809caff4c9301c72706bbf458f92188d0824881052d2a45175354587e684807d,2024-07-01,2024-07-01T15:30:00+00:00,2024-07-01T15:35:00+00:00,completed,5,504.14,504.19,504.11,504.16,1414,1
5m,bbd21df977755393ba8f7c800d26a0bbe67ca6f60788c9226bde3d6828bc5795,b0234fe5b65f1054fb3f6ea496b537b5c7802fecc45dd252ecb092c04e4dcaf8,2024-07-01,2024-07-01T15:35:00+00:00,2024-07-01T15:40:00+00:00,completed,5,504.15,504.2,504.12,504.17,1415,1
5m,bbd21df977755393ba8f7c800d26a0bbe67ca6f60788c9226bde3d6828bc5795,fee62eb80fb0cb8956a8edf50f6263284d21556983385375d6e147e7e354ec33,2024-07-01,2024-07-01T15:40:00+00:00,2024-07-01T15:45:00+00:00,completed,5,504.16,504.21,504.13,504.18,1416,1
5m,bbd21df977755393ba8f7c800d26a0bbe67ca6f60788c9226bde3d6828bc5795,065438c03e4cd1f98f1c46071d577da51d9b19cc94ec515c065b6c5425087041,2024-07-01,2024-07-01T15:45:00+00:00,2024-07-01T15:50:00+00:00,completed,5,504.17,504.22,504.14,504.19,1417,1
5m,bbd21df977755393ba8f7c800d26a0bbe67ca6f60788c9226bde3d6828bc5795,5d16a7224a7aa514b6d764a8324e1d14ab0cb3ec061940fce5533eb22b177a81,2024-07-01,2024-07-01T15:50:00+00:00,2024-07-01T15:55:00+00:00,completed,5,504.18,504.23,504.15,504.2,1418,1
5m,bbd21df977755393ba8f7c800d26a0bbe67ca6f60788c9226bde3d6828bc5795,0193284ecbe8f07417485c6d814efae6ff76b6b12c6d9a47ad9eebfcd5f9a084,2024-07-01,2024-07-01T15:55:00+00:00,2024-07-01T16:00:00+00:00,completed,5,504.19,504.24,504.16,504.21,1419,1
5m,bbd21df977755393ba8f7c800d26a0bbe67ca6f60788c9226bde3d6828bc5795,71c76945e3476a7ff756b555cfb595042da8933fe219d88be8e97a93cd8a3042,2024-07-01,2024-07-01T16:00:00+00:00,2024-07-01T16:05:00+00:00,completed,5,504.2,504.25,504.17,504.22,1420,1
5m,bbd21df977755393ba8f7c800d26a0bbe67ca6f60788c9226bde3d6828bc5795,7bcafed194b02ac7f08bde41de05a91416c64ad64e44f81ba5d4d04040b512fe,2024-07-01,2024-07-01T16:05:00+00:00,2024-07-01T16:10:00+00:00,completed,5,504.21,504.26,504.18,504.23,1421,1
5m,bbd21df977755393ba8f7c800d26a0bbe67ca6f60788c9226bde3d6828bc5795,4dd7af7930c5d13e995ff1c9f4d54a7fdef66a33d3f0d7eb47d80bf9444b7d4a,2024-07-01,2024-07-01T16:10:00+00:00,2024-07-01T16:15:00+00:00,completed,5,504.22,504.27,504.19,504.24,1422,1
5m,bbd21df977755393ba8f7c800d26a0bbe67ca6f60788c9226bde3d6828bc5795,cd1795b987f7d661aeddd1445fcfa789910b2f22eaf600b5dd013fd04e334682,2024-07-01,2024-07-01T16:15:00+00:00,2024-07-01T16:20:00+00:00,completed,5,504.23,504.28,504.2,504.25,1423,1
5m,bbd21df977755393ba8f7c800d26a0bbe67ca6f60788c9226bde3d6828bc5795,d907d11bda5d9bdab13a2356df3c85efc6a8a09018f67ccebd2b0704d46b54f7,2024-07-01,2024-07-01T16:20:00+00:00,2024-07-01T16:25:00+00:00,completed,5,504.24,504.29,504.21,504.26,1424,1
5m,bbd21df977755393ba8f7c800d26a0bbe67ca6f60788c9226bde3d6828bc5795,eba39eb216981aa34be40a7c651db4f8c86e6d850d19163797774d4f17408683,2024-07-01,2024-07-01T16:25:00+00:00,2024-07-01T16:30:00+00:00,completed,5,504.25,504.3,504.22,504.27,1425,1
5m,bbd21df977755393ba8f7c800d26a0bbe67ca6f60788c9226bde3d6828bc5795,c52ef765245a58984e4c24e80272606ac1b11acaf87d72c49300218385fe49f1,2024-07-01,2024-07-01T16:30:00+00:00,2024-07-01T16:35:00+00:00,completed,5,504.26,504.31,504.23,504.28,1426,1
5m,bbd21df977755393ba8f7c800d26a0bbe67ca6f60788c9226bde3d6828bc5795,8115ed4369dba0bfbf6f6de932f294eb7b26218f3b4fda9c9c0cdacc7fdb1c85,2024-07-01,2024-07-01T16:35:00+00:00,2024-07-01T16:40:00+00:00,completed,5,504.27,504.32,504.24,504.29,1427,1
5m,bbd21df977755393ba8f7c800d26a0bbe67ca6f60788c9226bde3d6828bc5795,c029d18fa8735cb50c4ac11318c7f97412dd5e24236b6522ee447ab7be7507c4,2024-07-01,2024-07-01T16:40:00+00:00,2024-07-01T16:45:00+00:00,completed,5,504.28,504.33,504.25,504.3,1428,1
5m,bbd21df977755393ba8f7c800d26a0bbe67ca6f60788c9226bde3d6828bc5795,7a51d7d53a590719814de0dc14bafd9f1e1e75475ab54f123f9d2c5ab65930c4,2024-07-01,2024-07-01T16:45:00+00:00,2024-07-01T16:50:00+00:00,completed,5,504.29,504.34,504.26,504.31,1429,1
5m,bbd21df977755393ba8f7c800d26a0bbe67ca6f60788c9226bde3d6828bc5795,9b60fe03b099827d7b7f427a7d65f9dfd5e3b6262775ff27006136e31993ea0f,2024-07-01,2024-07-01T16:50:00+00:00,2024-07-01T16:55:00+00:00,completed,5,504.3,504.35,504.27,504.32,1430,1
5m,bbd21df977755393ba8f7c800d26a0bbe67ca6f60788c9226bde3d6828bc5795,e9fa909996568cf395c29893165e48099c13f3adf4ba55f4f66da0aada4b8d4f,2024-07-01,2024-07-01T16:55:00+00:00,2024-07-01T17:00:00+00:00,completed,5,504.31,504.36,504.28,504.33,1431,1
5m,bbd21df977755393ba8f7c800d26a0bbe67ca6f60788c9226bde3d6828bc5795,3876609a6a97e96a35373350ba00ee889ededb08f54dedde385388183b35c604,2024-07-01,2024-07-01T17:00:00+00:00,2024-07-01T17:05:00+00:00,completed,5,504.32,504.37,504.29,504.34,1432,1
5m,bbd21df977755393ba8f7c800d26a0bbe67ca6f60788c9226bde3d6828bc5795,48cb19ab1802028a1abf8cfe1285211add80fd7db15b1431d27384c35a326494,2024-07-01,2024-07-01T17:05:00+00:00,2024-07-01T17:10:00+00:00,completed,5,504.33,504.38,504.3,504.35,1433,1
5m,bbd21df977755393ba8f7c800d26a0bbe67ca6f60788c9226bde3d6828bc5795,fe258d7a954581ea0d80ae2326a4799c29d931d297b08a17046242f9b2143138,2024-07-01,2024-07-01T17:10:00+00:00,2024-07-01T17:15:00+00:00,completed,5,504.34,504.39,504.31,504.36,1434,1
5m,bbd21df977755393ba8f7c800d26a0bbe67ca6f60788c9226bde3d6828bc5795,10783199089accb6b62f0eaeadcc8e5de5aeac34de769cad0d895050dfd9f678,2024-07-01,2024-07-01T17:15:00+00:00,2024-07-01T17:20:00+00:00,completed,5,504.35,504.4,504.32,504.37,1435,1
5m,bbd21df977755393ba8f7c800d26a0bbe67ca6f60788c9226bde3d6828bc5795,cd27a23dfe70ab1d6bb23b180b8974d041817ddd951e58e4d05bada01919dbb1,2024-07-01,2024-07-01T17:20:00+00:00,2024-07-01T17:25:00+00:00,completed,5,504.36,504.41,504.33,504.38,1436,1
5m,bbd21df977755393ba8f7c800d26a0bbe67ca6f60788c9226bde3d6828bc5795,303020871cbffecc9e177fef1acaed79f08aa62eaa54b7acfe4f7527f877d55e,2024-07-01,2024-07-01T17:25:00+00:00,2024-07-01T17:30:00+00:00,completed,5,504.37,504.42,504.34,504.39,1437,1
5m,bbd21df977755393ba8f7c800d26a0bbe67ca6f60788c9226bde3d6828bc5795,1231aae0ce49553a3419149b518211fbe06ce103df307583192411464d13d6d3,2024-07-01,2024-07-01T17:30:00+00:00,2024-07-01T17:35:00+00:00,completed,5,504.38,504.43,504.35,504.4,1438,1
5m,bbd21df977755393ba8f7c800d26a0bbe67ca6f60788c9226bde3d6828bc5795,7261418729c8383964f5e92152bf073db6b8d53373522375073ae625d6808ebc,2024-07-01,2024-07-01T17:35:00+00:00,2024-07-01T17:40:00+00:00,completed,5,504.39,504.44,504.36,504.41,1439,1
5m,bbd21df977755393ba8f7c800d26a0bbe67ca6f60788c9226bde3d6828bc5795,3e5b219a9579042558992540b264e4a82a117c2caba621e60071de74d9dac9a1,2024-07-01,2024-07-01T17:40:00+00:00,2024-07-01T17:45:00+00:00,completed,5,504.4,504.45,504.37,504.42,1440,1
5m,bbd21df977755393ba8f7c800d26a0bbe67ca6f60788c9226bde3d6828bc5795,35f8642e5f2aeaea25a8688ec87cb03c45d3f8804e6df36e53d31eeaa650113d,2024-07-01,2024-07-01T17:45:00+00:00,2024-07-01T17:50:00+00:00,completed,5,504.41,504.46,504.38,504.43,1441,1
5m,bbd21df977755393ba8f7c800d26a0bbe67ca6f60788c9226bde3d6828bc5795,d9608b38a46767b36606a3e0b999c491cccc2e57e6fc8aaca221729ea5af163e,2024-07-01,2024-07-01T17:50:00+00:00,2024-07-01T17:55:00+00:00,completed,5,504.42,504.47,504.39,504.44,1442,1
5m,bbd21df977755393ba8f7c800d26a0bbe67ca6f60788c9226bde3d6828bc5795,4abf0827718e06c674032118a77096ff5b360a876d18711779cb188c5c05e463,2024-07-01,2024-07-01T17:55:00+00:00,2024-07-01T18:00:00+00:00,completed,5,504.43,504.48,504.4,504.45,1443,1
5m,bbd21df977755393ba8f7c800d26a0bbe67ca6f60788c9226bde3d6828bc5795,5d68948b786fcabf4cc230d117327eb5a1b27f691798f8d8c356add60724d0a9,2024-07-01,2024-07-01T18:00:00+00:00,2024-07-01T18:05:00+00:00,completed,5,504.44,504.49,504.41,504.46,1444,1
5m,bbd21df977755393ba8f7c800d26a0bbe67ca6f60788c9226bde3d6828bc5795,51b2b799c055d0fdf6f0ad5412c715cf4071e66de36ee1403e76fd87be3697b5,2024-07-01,2024-07-01T18:05:00+00:00,2024-07-01T18:10:00+00:00,completed,5,504.45,504.5,504.42,504.47,1445,1
5m,bbd21df977755393ba8f7c800d26a0bbe67ca6f60788c9226bde3d6828bc5795,6a1b4784bad7c0fe327046140d97f36a25b84b379694a3dbc05e1124a7df4ffd,2024-07-01,2024-07-01T18:10:00+00:00,2024-07-01T18:15:00+00:00,completed,5,504.46,504.51,504.43,504.48,1446,1
5m,bbd21df977755393ba8f7c800d26a0bbe67ca6f60788c9226bde3d6828bc5795,373928ee42ecbe7d7b779f15c52d74d8dcf973aa2db473f0835f86ecc5ca167c,2024-07-01,2024-07-01T18:15:00+00:00,2024-07-01T18:20:00+00:00,completed,5,504.47,504.52,504.44,504.49,1447,1
5m,bbd21df977755393ba8f7c800d26a0bbe67ca6f60788c9226bde3d6828bc5795,4102efdc8814a14544a151cd83ae3fbff6f71fd60913fc4cb42f983abfeb8425,2024-07-01,2024-07-01T18:20:00+00:00,2024-07-01T18:25:00+00:00,completed,5,504.48,504.53,504.45,504.5,1448,1
5m,bbd21df977755393ba8f7c800d26a0bbe67ca6f60788c9226bde3d6828bc5795,e6626657cd294b855df10d296e1bd7921c057d7e8f1b6824f837a4ea17e2a6f3,2024-07-01,2024-07-01T18:25:00+00:00,2024-07-01T18:30:00+00:00,completed,5,504.49,504.54,504.46,504.51,1449,1
5m,bbd21df977755393ba8f7c800d26a0bbe67ca6f60788c9226bde3d6828bc5795,30df6ce9752dc2102c82588739e6117d048b6ed8a979cc78f0162cf31591ec94,2024-07-01,2024-07-01T18:30:00+00:00,2024-07-01T18:35:00+00:00,completed,5,504.5,504.55,504.47,504.52,1450,1
5m,bbd21df977755393ba8f7c800d26a0bbe67ca6f60788c9226bde3d6828bc5795,3b1efd079a0901afbfb7ff689ebcacade8372456e31575ea51d077afd4125b69,2024-07-01,2024-07-01T18:35:00+00:00,2024-07-01T18:40:00+00:00,completed,5,504.51,504.56,504.48,504.53,1451,1
5m,bbd21df977755393ba8f7c800d26a0bbe67ca6f60788c9226bde3d6828bc5795,2e69173c5711b348ed07ff41377165180e7492d61f6477c7baa11edc0961a66c,2024-07-01,2024-07-01T18:40:00+00:00,2024-07-01T18:45:00+00:00,completed,5,504.52,504.57,504.49,504.54,1452,1
5m,bbd21df977755393ba8f7c800d26a0bbe67ca6f60788c9226bde3d6828bc5795,74f0d0b5af1d46c7ed15fef2a59847294dcffd8e22f45542c0136a86e8d715fa,2024-07-01,2024-07-01T18:45:00+00:00,2024-07-01T18:50:00+00:00,completed,5,504.53,504.58,504.5,504.55,1453,1
5m,bbd21df977755393ba8f7c800d26a0bbe67ca6f60788c9226bde3d6828bc5795,8ce9112e17a62a3a68bc2c48cc3592e840a9c3db426f81e7f3fd41669d0224e1,2024-07-01,2024-07-01T18:50:00+00:00,2024-07-01T18:55:00+00:00,completed,5,504.54,504.59,504.51,504.56,1454,1
5m,bbd21df977755393ba8f7c800d26a0bbe67ca6f60788c9226bde3d6828bc5795,2420cccf9d934ef06c94ff2dc9e35b5cc83801cd621d32a6f3609818235f7472,2024-07-01,2024-07-01T18:55:00+00:00,2024-07-01T19:00:00+00:00,completed,5,504.55,504.6,504.52,504.57,1455,1
5m,bbd21df977755393ba8f7c800d26a0bbe67ca6f60788c9226bde3d6828bc5795,c07a2a8313e2efbef2102b990b95fa16260186c91b02181a8546f66c3f0e845c,2024-07-01,2024-07-01T19:00:00+00:00,2024-07-01T19:05:00+00:00,completed,5,504.56,504.61,504.53,504.58,1456,1
5m,bbd21df977755393ba8f7c800d26a0bbe67ca6f60788c9226bde3d6828bc5795,7537a9c133525aa3d593604a1e33f0031185fadaf6082c8bd22a1a79cd765a08,2024-07-01,2024-07-01T19:05:00+00:00,2024-07-01T19:10:00+00:00,completed,5,504.57,504.62,504.54,504.59,1457,1
5m,bbd21df977755393ba8f7c800d26a0bbe67ca6f60788c9226bde3d6828bc5795,f2ce98ea81f6a0ab270e156f86476f74319beaa6cce15478bb87e1066714efb3,2024-07-01,2024-07-01T19:10:00+00:00,2024-07-01T19:15:00+00:00,completed,5,504.58,504.63,504.55,504.6,1458,1
5m,bbd21df977755393ba8f7c800d26a0bbe67ca6f60788c9226bde3d6828bc5795,49013347a1c186944d9438e66850cb5ee4fe5620a1bf144973858ce08d7ec0b5,2024-07-01,2024-07-01T19:15:00+00:00,2024-07-01T19:20:00+00:00,completed,5,504.59,504.64,504.56,504.61,1459,1
5m,bbd21df977755393ba8f7c800d26a0bbe67ca6f60788c9226bde3d6828bc5795,fc3b6979ced459e377e7f90e8a23876f7081355a0699304feb24ccd7c3f23ffd,2024-07-01,2024-07-01T19:20:00+00:00,2024-07-01T19:25:00+00:00,completed,5,504.6,504.65,504.57,504.62,1460,1
5m,bbd21df977755393ba8f7c800d26a0bbe67ca6f60788c9226bde3d6828bc5795,6b212c097794cb0e7705847c00b282a791f02167510c8356683f8633d1bdc1f2,2024-07-01,2024-07-01T19:25:00+00:00,2024-07-01T19:30:00+00:00,completed,5,504.61,504.66,504.58,504.63,1461,1
5m,bbd21df977755393ba8f7c800d26a0bbe67ca6f60788c9226bde3d6828bc5795,95946e6f7975d5a207345a7aeef79e336dcfd3ed5a51b8d3e434f6e1be99f108,2024-07-01,2024-07-01T19:30:00+00:00,2024-07-01T19:35:00+00:00,completed,5,504.62,504.67,504.59,504.64,1462,1
5m,bbd21df977755393ba8f7c800d26a0bbe67ca6f60788c9226bde3d6828bc5795,6cff989b5117ac59304007a64021ad84ad75bd4ba0c2a75c8505e908dae4d2c6,2024-07-01,2024-07-01T19:35:00+00:00,2024-07-01T19:40:00+00:00,completed,5,504.63,504.68,504.6,504.65,1463,1
5m,bbd21df977755393ba8f7c800d26a0bbe67ca6f60788c9226bde3d6828bc5795,3abfc4278158453c78e6be2cfaf06a0f8e1dc830d5b07998b2d512e49f1e2549,2024-07-01,2024-07-01T19:40:00+00:00,2024-07-01T19:45:00+00:00,completed,5,504.64,504.69,504.61,504.66,1464,1
5m,bbd21df977755393ba8f7c800d26a0bbe67ca6f60788c9226bde3d6828bc5795,11996abdc55b3fd2238a442376ed6cd3185865be9ea4dcb7f35db8bf60b0ebb6,2024-07-01,2024-07-01T19:45:00+00:00,2024-07-01T19:50:00+00:00,completed,5,504.65,504.7,504.62,504.67,1465,1
5m,bbd21df977755393ba8f7c800d26a0bbe67ca6f60788c9226bde3d6828bc5795,7e229c4c1911ca960c9d1b2c3bdc95d37b894a175937c6e14ffb1943e4d0b0c7,2024-07-01,2024-07-01T19:50:00+00:00,2024-07-01T19:55:00+00:00,completed,5,504.66,504.71,504.63,504.68,1466,1
5m,bbd21df977755393ba8f7c800d26a0bbe67ca6f60788c9226bde3d6828bc5795,43e0662912d4d5ae1ffc9c5264b0469cc9304d02f7ea0f53bb5b508f083db3ec,2024-07-01,2024-07-01T19:55:00+00:00,2024-07-01T20:00:00+00:00,completed,5,504.67,504.72,504.64,504.69,1467,1
5m,bbd21df977755393ba8f7c800d26a0bbe67ca6f60788c9226bde3d6828bc5795,741880f008de220b9547061344a5ad178a4aea93e92fcfaead73aa323f5fed6b,2024-07-02,2024-07-02T13:30:00+00:00,2024-07-02T13:35:00+00:00,completed,5,504.68,504.73,504.65,504.7,1468,1
5m,bbd21df977755393ba8f7c800d26a0bbe67ca6f60788c9226bde3d6828bc5795,9bdef282809117c992780c1b791c288504fd6298598f0937dc48a196fa1c8bd6,2024-07-02,2024-07-02T13:35:00+00:00,2024-07-02T13:40:00+00:00,completed,5,504.69,504.74,504.66,504.71,1469,1
5m,bbd21df977755393ba8f7c800d26a0bbe67ca6f60788c9226bde3d6828bc5795,2215ad0c9d260939446368b512d9116204cfbb15a235eaedaf07a8989fdc1264,2024-07-02,2024-07-02T13:40:00+00:00,2024-07-02T13:45:00+00:00,completed,5,504.7,504.75,504.67,504.72,1470,1
5m,bbd21df977755393ba8f7c800d26a0bbe67ca6f60788c9226bde3d6828bc5795,868e4094ec88fc4c0ffbbda19230c11557447cab1db820c2a820aa35c5c7ed1c,2024-07-02,2024-07-02T13:45:00+00:00,2024-07-02T13:50:00+00:00,completed,5,504.71,504.76,504.68,504.73,1471,1
5m,bbd21df977755393ba8f7c800d26a0bbe67ca6f60788c9226bde3d6828bc5795,5f8af7febd7d293ab7e2fced40b7205b01dd59b46264f9be437e61c6b2bd9a55,2024-07-02,2024-07-02T13:50:00+00:00,2024-07-02T13:55:00+00:00,completed,5,504.72,504.77,504.69,504.74,1472,1
5m,bbd21df977755393ba8f7c800d26a0bbe67ca6f60788c9226bde3d6828bc5795,125c89d1015de261d3d8eb0e57c6b1747742650e41dfd185bf2d438952767dd0,2024-07-02,2024-07-02T13:55:00+00:00,2024-07-02T14:00:00+00:00,completed,5,504.73,504.78,504.7,504.75,1473,1
5m,bbd21df977755393ba8f7c800d26a0bbe67ca6f60788c9226bde3d6828bc5795,22254f463b898725eea2c10a33295b15820775471209c82670391de173f3f1a1,2024-07-02,2024-07-02T14:00:00+00:00,2024-07-02T14:05:00+00:00,completed,5,504.74,504.79,504.71,504.76,1474,1
5m,bbd21df977755393ba8f7c800d26a0bbe67ca6f60788c9226bde3d6828bc5795,d778d78f1ea79cbbf9bc6246a4300b9f81073ed717b8284ad1e65b8d34780b7f,2024-07-02,2024-07-02T14:05:00+00:00,2024-07-02T14:10:00+00:00,completed,5,504.75,504.8,504.72,504.77,1475,1
5m,bbd21df977755393ba8f7c800d26a0bbe67ca6f60788c9226bde3d6828bc5795,433152b10c1aab397cbca51909432a9fae5cb9e2132df41864f5fead01edf11a,2024-07-02,2024-07-02T14:10:00+00:00,2024-07-02T14:15:00+00:00,completed,5,504.76,504.81,504.73,504.78,1476,1
5m,bbd21df977755393ba8f7c800d26a0bbe67ca6f60788c9226bde3d6828bc5795,a85a5896afe52aed0d9c43aaa16d7e5a4a32483367628e7889e2bda6a8c24974,2024-07-02,2024-07-02T14:15:00+00:00,2024-07-02T14:20:00+00:00,completed,5,504.77,504.82,504.74,504.79,1477,1
5m,bbd21df977755393ba8f7c800d26a0bbe67ca6f60788c9226bde3d6828bc5795,d3987aa61287edda99a9b3817ed5630ab22e971871a75d7e43e3145873d2fdcd,2024-07-02,2024-07-02T14:20:00+00:00,2024-07-02T14:25:00+00:00,completed,5,504.78,504.83,504.75,504.8,1478,1
5m,bbd21df977755393ba8f7c800d26a0bbe67ca6f60788c9226bde3d6828bc5795,7bbc36c0c0b23e9541850bb3bb2f5c673cdcef793b86f1308c8ded74da8df89c,2024-07-02,2024-07-02T14:25:00+00:00,2024-07-02T14:30:00+00:00,completed,5,504.79,504.84,504.76,504.81,1479,1
5m,bbd21df977755393ba8f7c800d26a0bbe67ca6f60788c9226bde3d6828bc5795,8ec1c319ca748ffbc3d489d5d4f957434d19069fbd77a0bd13819af6a76fbaee,2024-07-02,2024-07-02T14:30:00+00:00,2024-07-02T14:35:00+00:00,completed,5,504.8,504.85,504.77,504.82,1480,1
5m,bbd21df977755393ba8f7c800d26a0bbe67ca6f60788c9226bde3d6828bc5795,b53ecdc00a814d03816cb999bffd50ab90af0d6570341ff7ee93d9ad93f54b91,2024-07-02,2024-07-02T14:35:00+00:00,2024-07-02T14:40:00+00:00,completed,5,504.81,504.86,504.78,504.83,1481,1
5m,bbd21df977755393ba8f7c800d26a0bbe67ca6f60788c9226bde3d6828bc5795,7a0e2c0d691b1e6700748cc6fe0185caff0d353a1fae202a9d69206b6087ec58,2024-07-02,2024-07-02T14:40:00+00:00,2024-07-02T14:45:00+00:00,completed,5,504.82,504.87,504.79,504.84,1482,1
5m,bbd21df977755393ba8f7c800d26a0bbe67ca6f60788c9226bde3d6828bc5795,1141d1765c26310cab76fb4aa4a4440e719aaf4460e0fae33a3660f63b48c408,2024-07-02,2024-07-02T14:45:00+00:00,2024-07-02T14:50:00+00:00,completed,5,504.83,504.88,504.8,504.85,1483,1
5m,bbd21df977755393ba8f7c800d26a0bbe67ca6f60788c9226bde3d6828bc5795,ddbc5f05d55009b87b38b7227389824fa957e13ceb88cc5ab04c944d1fae7662,2024-07-02,2024-07-02T14:50:00+00:00,2024-07-02T14:55:00+00:00,completed,5,504.84,504.89,504.81,504.86,1484,1
5m,bbd21df977755393ba8f7c800d26a0bbe67ca6f60788c9226bde3d6828bc5795,78a6dc2c434561ab1cb44fab46ed5353bcfbd18564767252f5ef8aa7de552cd8,2024-07-02,2024-07-02T14:55:00+00:00,2024-07-02T15:00:00+00:00,completed,5,504.85,504.9,504.82,504.87,1485,1
5m,bbd21df977755393ba8f7c800d26a0bbe67ca6f60788c9226bde3d6828bc5795,79510a8cd81d5cce15f062ff63ed192554dc15b2e0e6bd699735e4148c9ec41c,2024-07-02,2024-07-02T15:00:00+00:00,2024-07-02T15:05:00+00:00,completed,5,504.86,504.91,504.83,504.88,1486,1
5m,bbd21df977755393ba8f7c800d26a0bbe67ca6f60788c9226bde3d6828bc5795,d42b81a39dd29a7a7a1d7a0acf2dde3ad02595b94939428aed8ae75fe4bdd941,2024-07-02,2024-07-02T15:05:00+00:00,2024-07-02T15:10:00+00:00,completed,5,504.87,504.92,504.84,504.89,1487,1
5m,bbd21df977755393ba8f7c800d26a0bbe67ca6f60788c9226bde3d6828bc5795,fa4d5499fcea5e9755ad66fe11f88e0a60af04800396ae64c88caa4ec78e3b95,2024-07-02,2024-07-02T15:10:00+00:00,2024-07-02T15:15:00+00:00,completed,5,504.88,504.93,504.85,504.9,1488,1
5m,bbd21df977755393ba8f7c800d26a0bbe67ca6f60788c9226bde3d6828bc5795,4c8313e7b18a6df2a054c17ead8ef95108fb0bf9e88f61d039fe4ff69e1bd575,2024-07-02,2024-07-02T15:15:00+00:00,2024-07-02T15:20:00+00:00,completed,5,504.89,504.94,504.86,504.91,1489,1
5m,bbd21df977755393ba8f7c800d26a0bbe67ca6f60788c9226bde3d6828bc5795,8c8add255309ebe0e713f3e0b8fe69bfe8d67580786a4723cafc23a1145a8c5d,2024-07-02,2024-07-02T15:20:00+00:00,2024-07-02T15:25:00+00:00,completed,5,504.9,504.95,504.87,504.92,1490,1
5m,bbd21df977755393ba8f7c800d26a0bbe67ca6f60788c9226bde3d6828bc5795,7b83ffda87b2262f3235eb6d9b968303a2ccfa0f6c03a06922fdcae3ae619fb3,2024-07-02,2024-07-02T15:25:00+00:00,2024-07-02T15:30:00+00:00,completed,5,504.91,504.96,504.88,504.93,1491,1
5m,bbd21df977755393ba8f7c800d26a0bbe67ca6f60788c9226bde3d6828bc5795,2c9a0ee938fcba27c9315638f23e7474cdc5652fdcb217042680172a5f8ccc2f,2024-07-02,2024-07-02T15:30:00+00:00,2024-07-02T15:35:00+00:00,completed,5,504.92,504.97,504.89,504.94,1492,1
5m,bbd21df977755393ba8f7c800d26a0bbe67ca6f60788c9226bde3d6828bc5795,b65b9e480255e300dc26a97f0501757b5b529cd7348d7273f8d8dedaf026e61d,2024-07-02,2024-07-02T15:35:00+00:00,2024-07-02T15:40:00+00:00,completed,5,504.93,504.98,504.9,504.95,1493,1
5m,bbd21df977755393ba8f7c800d26a0bbe67ca6f60788c9226bde3d6828bc5795,10b3f843da569f678a598e84b19bcccb049bdf97eca00bb32e21e48b54f25ec4,2024-07-02,2024-07-02T15:40:00+00:00,2024-07-02T15:45:00+00:00,completed,5,504.94,504.99,504.91,504.96,1494,1
5m,bbd21df977755393ba8f7c800d26a0bbe67ca6f60788c9226bde3d6828bc5795,3c01be684cedb4885af0d98c991922c8e652bb10f0f9b5658aed965d4bbadd8c,2024-07-02,2024-07-02T15:45:00+00:00,2024-07-02T15:50:00+00:00,completed,5,504.95,505,504.92,504.97,1495,1
5m,bbd21df977755393ba8f7c800d26a0bbe67ca6f60788c9226bde3d6828bc5795,d912cb86b4fcdcd78219cf1b0746c284892d01e4864e451e5972dc0aa6b0f2bc,2024-07-02,2024-07-02T15:50:00+00:00,2024-07-02T15:55:00+00:00,completed,5,504.96,505.01,504.93,504.98,1496,1
5m,bbd21df977755393ba8f7c800d26a0bbe67ca6f60788c9226bde3d6828bc5795,0c4f97a7331f2c82625e1f0f555111fe86af4c09f35d097a99f971f16c8dcbfb,2024-07-02,2024-07-02T15:55:00+00:00,2024-07-02T16:00:00+00:00,completed,5,504.97,505.02,504.94,504.99,1497,1
5m,bbd21df977755393ba8f7c800d26a0bbe67ca6f60788c9226bde3d6828bc5795,c6cb0150bccf218cb5a5d9123c48393988ab0f16954cf88d717206b153f12a29,2024-07-02,2024-07-02T16:00:00+00:00,2024-07-02T16:05:00+00:00,completed,5,504.98,505.03,504.95,505,1498,1
5m,bbd21df977755393ba8f7c800d26a0bbe67ca6f60788c9226bde3d6828bc5795,37fe20b2661353c90502ee464a1ea344a5796e162fb320417a096650f26d0430,2024-07-02,2024-07-02T16:05:00+00:00,2024-07-02T16:10:00+00:00,completed,5,504.99,505.04,504.96,505.01,1499,1
5m,bbd21df977755393ba8f7c800d26a0bbe67ca6f60788c9226bde3d6828bc5795,e75c91e0215394b01cb14aec8acbd5376d641de6e3a4f028dfb20e796cc60223,2024-07-02,2024-07-02T16:10:00+00:00,2024-07-02T16:15:00+00:00,completed,5,505,505.05,504.97,505.02,1500,1
5m,bbd21df977755393ba8f7c800d26a0bbe67ca6f60788c9226bde3d6828bc5795,43cb552a9f5362f9bb638f877a81ffcedc1913f70add3a315c977e790b4a447a,2024-07-02,2024-07-02T16:15:00+00:00,2024-07-02T16:20:00+00:00,completed,5,505.01,505.06,504.98,505.03,1501,1
5m,bbd21df977755393ba8f7c800d26a0bbe67ca6f60788c9226bde3d6828bc5795,49cab3c73f0d01366d44c60a0ec4033ad5561cedcf6ee45819a10a5b08b4a609,2024-07-02,2024-07-02T16:20:00+00:00,2024-07-02T16:25:00+00:00,completed,5,505.02,505.07,504.99,505.04,1502,1
5m,bbd21df977755393ba8f7c800d26a0bbe67ca6f60788c9226bde3d6828bc5795,d8f247c86dd54e84ddca7f5f045f5cc6c0d70c3ec7f382f640cf53f637b6e798,2024-07-02,2024-07-02T16:25:00+00:00,2024-07-02T16:30:00+00:00,completed,5,505.03,505.08,505,505.05,1503,1
5m,bbd21df977755393ba8f7c800d26a0bbe67ca6f60788c9226bde3d6828bc5795,0767da219dd04db4249d0e2abe6cc856cc452e6551d25393138172d0cc720834,2024-07-02,2024-07-02T16:30:00+00:00,2024-07-02T16:35:00+00:00,completed,5,505.04,505.09,505.01,505.06,1504,1
5m,bbd21df977755393ba8f7c800d26a0bbe67ca6f60788c9226bde3d6828bc5795,69003e822f187de5cc55d4a89a94a70b2a15bd6a67c38014be93978d5518bafd,2024-07-02,2024-07-02T16:35:00+00:00,2024-07-02T16:40:00+00:00,completed,5,505.05,505.1,505.02,505.07,1505,1
5m,bbd21df977755393ba8f7c800d26a0bbe67ca6f60788c9226bde3d6828bc5795,87ea8d50e5e73d13855c70ffaca7fa4e7067d96a602c462b067371e74e9df497,2024-07-02,2024-07-02T16:40:00+00:00,2024-07-02T16:45:00+00:00,completed,5,505.06,505.11,505.03,505.08,1506,1
5m,bbd21df977755393ba8f7c800d26a0bbe67ca6f60788c9226bde3d6828bc5795,45fe614bd335d0a10eb18fa3c4e331ecee76a229cf041dec9c917c7e3340ebfa,2024-07-02,2024-07-02T16:45:00+00:00,2024-07-02T16:50:00+00:00,completed,5,505.07,505.12,505.04,505.09,1507,1
5m,bbd21df977755393ba8f7c800d26a0bbe67ca6f60788c9226bde3d6828bc5795,98cc4e49348af9c071e1c5a49b9f8ea0e37f40b5119b900cdab7deb68dfecf90,2024-07-02,2024-07-02T16:50:00+00:00,2024-07-02T16:55:00+00:00,completed,5,505.08,505.13,505.05,505.1,1508,1
5m,bbd21df977755393ba8f7c800d26a0bbe67ca6f60788c9226bde3d6828bc5795,42d37314aa88a217dda741be25bac3575a59921b10bcb1403f36cc273bbf3942,2024-07-02,2024-07-02T16:55:00+00:00,2024-07-02T17:00:00+00:00,completed,5,505.09,505.14,505.06,505.11,1509,1
5m,bbd21df977755393ba8f7c800d26a0bbe67ca6f60788c9226bde3d6828bc5795,38547d4ec70a1b9aae9c9791ef0d5127279edcb351561b8b67e5f864c62887f1,2024-07-02,2024-07-02T17:00:00+00:00,2024-07-02T17:05:00+00:00,completed,5,505.1,505.15,505.07,505.12,1510,1
5m,bbd21df977755393ba8f7c800d26a0bbe67ca6f60788c9226bde3d6828bc5795,d43de260db9ba7cfa74c0e3a19ad00e18be10b0110b313072b54bbaa860471d1,2024-07-02,2024-07-02T17:05:00+00:00,2024-07-02T17:10:00+00:00,completed,5,505.11,505.16,505.08,505.13,1511,1
5m,bbd21df977755393ba8f7c800d26a0bbe67ca6f60788c9226bde3d6828bc5795,40544206c583650337e03614baab909f668e02ab15bc20546fb13e46b4efd2e0,2024-07-02,2024-07-02T17:10:00+00:00,2024-07-02T17:15:00+00:00,completed,5,505.12,505.17,505.09,505.14,1512,1
5m,bbd21df977755393ba8f7c800d26a0bbe67ca6f60788c9226bde3d6828bc5795,143a2bb4814fd2fbfafc6451df97409126631ddd18dff70247c2cca1b752ec72,2024-07-02,2024-07-02T17:15:00+00:00,2024-07-02T17:20:00+00:00,completed,5,505.13,505.18,505.1,505.15,1513,1
5m,bbd21df977755393ba8f7c800d26a0bbe67ca6f60788c9226bde3d6828bc5795,fc5ffd5a413d17cfdf978eccdd88fed7b86d488f4701133d3588cd8a2633e674,2024-07-02,2024-07-02T17:20:00+00:00,2024-07-02T17:25:00+00:00,completed,5,505.14,505.19,505.11,505.16,1514,1
5m,bbd21df977755393ba8f7c800d26a0bbe67ca6f60788c9226bde3d6828bc5795,7dc5999e5f1aef032456d3c06fc896b5ac040ad334418f655a9ab334bf2e41ec,2024-07-02,2024-07-02T17:25:00+00:00,2024-07-02T17:30:00+00:00,completed,5,505.15,505.2,505.12,505.17,1515,1
5m,bbd21df977755393ba8f7c800d26a0bbe67ca6f60788c9226bde3d6828bc5795,03db43ae677ac3a0f581e4ad1ca48fd076ac4082ac887cdfcadc4ffe92ca2d1e,2024-07-02,2024-07-02T17:30:00+00:00,2024-07-02T17:35:00+00:00,completed,5,505.16,505.21,505.13,505.18,1516,1
5m,bbd21df977755393ba8f7c800d26a0bbe67ca6f60788c9226bde3d6828bc5795,b1e36e22bfe7640788a349d05210e6fc10c8b515020cd731a3cb9d70e0d2d727,2024-07-02,2024-07-02T17:35:00+00:00,2024-07-02T17:40:00+00:00,completed,5,505.17,505.22,505.14,505.19,1517,1
5m,bbd21df977755393ba8f7c800d26a0bbe67ca6f60788c9226bde3d6828bc5795,d6755ba3e333d3211813b7550a0cf440dc15930b03833180e495c39d5d3d53b4,2024-07-02,2024-07-02T17:40:00+00:00,2024-07-02T17:45:00+00:00,completed,5,505.18,505.23,505.15,505.2,1518,1
5m,bbd21df977755393ba8f7c800d26a0bbe67ca6f60788c9226bde3d6828bc5795,a413b39a282af02c3018bdd7f08b06a958e854f9b72b83ab17c5cbdf8f397ed9,2024-07-02,2024-07-02T17:45:00+00:00,2024-07-02T17:50:00+00:00,completed,5,505.19,505.24,505.16,505.21,1519,1
5m,bbd21df977755393ba8f7c800d26a0bbe67ca6f60788c9226bde3d6828bc5795,152a3d60e55e2e7b8a1d58f2e295e98ce4e60dc2c1083517d6b0c7f00cbbd1c8,2024-07-02,2024-07-02T17:50:00+00:00,2024-07-02T17:55:00+00:00,completed,5,505.2,505.25,505.17,505.22,1520,1
5m,bbd21df977755393ba8f7c800d26a0bbe67ca6f60788c9226bde3d6828bc5795,d2355fd627329f5484b8472b9888c50456fd1e2993889d59a2e7726bcf45bbe9,2024-07-02,2024-07-02T17:55:00+00:00,2024-07-02T18:00:00+00:00,completed,5,505.21,505.26,505.18,505.23,1521,1
5m,bbd21df977755393ba8f7c800d26a0bbe67ca6f60788c9226bde3d6828bc5795,9852049e21aa61c5e0ba86ee84f7a6c43318ea2b8f0301c2877b41f08d977f21,2024-07-02,2024-07-02T18:00:00+00:00,2024-07-02T18:05:00+00:00,completed,5,505.22,505.27,505.19,505.24,1522,1
5m,bbd21df977755393ba8f7c800d26a0bbe67ca6f60788c9226bde3d6828bc5795,1ede50b8efd1fdfa5ed542d1fd96714fc1798fb9af67f13543e30f414a8653a6,2024-07-02,2024-07-02T18:05:00+00:00,2024-07-02T18:10:00+00:00,completed,5,505.23,505.28,505.2,505.25,1523,1
5m,bbd21df977755393ba8f7c800d26a0bbe67ca6f60788c9226bde3d6828bc5795,f9a7820240a0ec2f1a86eb407dc72df29ed120f2732545e821da05a20733999d,2024-07-02,2024-07-02T18:10:00+00:00,2024-07-02T18:15:00+00:00,completed,5,505.24,505.29,505.21,505.26,1524,1
5m,bbd21df977755393ba8f7c800d26a0bbe67ca6f60788c9226bde3d6828bc5795,f2d827c500bf924ebfcd9a60406edb951b21fb39c15a9fe016ab3430588a495d,2024-07-02,2024-07-02T18:15:00+00:00,2024-07-02T18:20:00+00:00,completed,5,505.25,505.3,505.22,505.27,1525,1
5m,bbd21df977755393ba8f7c800d26a0bbe67ca6f60788c9226bde3d6828bc5795,9ab9aab9b974e29cfd79a6458e8d222c3dc5bdaa25a516014b6f3c25f76d7f01,2024-07-02,2024-07-02T18:20:00+00:00,2024-07-02T18:25:00+00:00,completed,5,505.26,505.31,505.23,505.28,1526,1
5m,bbd21df977755393ba8f7c800d26a0bbe67ca6f60788c9226bde3d6828bc5795,38411d59d640983976561cf90ad5d21c753bd6c4304128a95883fafca8d4e0f6,2024-07-02,2024-07-02T18:25:00+00:00,2024-07-02T18:30:00+00:00,completed,5,505.27,505.32,505.24,505.29,1527,1
5m,bbd21df977755393ba8f7c800d26a0bbe67ca6f60788c9226bde3d6828bc5795,08f1962fb6d6eec166fd97ce194cd5f9a869adf3a5e2c03f43606a74cf3f57d3,2024-07-02,2024-07-02T18:30:00+00:00,2024-07-02T18:35:00+00:00,completed,5,505.28,505.33,505.25,505.3,1528,1
5m,bbd21df977755393ba8f7c800d26a0bbe67ca6f60788c9226bde3d6828bc5795,394653e78b70de1d06214daefaa9cc49a389845759597ca028c6233dc6affca7,2024-07-02,2024-07-02T18:35:00+00:00,2024-07-02T18:40:00+00:00,completed,5,505.29,505.34,505.26,505.31,1529,1
5m,bbd21df977755393ba8f7c800d26a0bbe67ca6f60788c9226bde3d6828bc5795,dc8d1ae61735628e247c1ddde4b645b5d3956679664ba56e35b9a67f589e5d57,2024-07-02,2024-07-02T18:40:00+00:00,2024-07-02T18:45:00+00:00,completed,5,505.3,505.35,505.27,505.32,1530,1
5m,bbd21df977755393ba8f7c800d26a0bbe67ca6f60788c9226bde3d6828bc5795,40e7c39af01bf2937766746559e204e5824a76c0934598d13e3f8d593e9c3f17,2024-07-02,2024-07-02T18:45:00+00:00,2024-07-02T18:50:00+00:00,completed,5,505.31,505.36,505.28,505.33,1531,1
5m,bbd21df977755393ba8f7c800d26a0bbe67ca6f60788c9226bde3d6828bc5795,e74f2c6f2f658ee7d0bf306654b0ca9079db84eca6f3b1cdf48ad73c2b7b3d01,2024-07-02,2024-07-02T18:50:00+00:00,2024-07-02T18:55:00+00:00,completed,5,505.32,505.37,505.29,505.34,1532,1
5m,bbd21df977755393ba8f7c800d26a0bbe67ca6f60788c9226bde3d6828bc5795,c2b59c4ad034b70647c22d17aa0e527e2ddd579ceedca28c9c229f50eab6156a,2024-07-02,2024-07-02T18:55:00+00:00,2024-07-02T19:00:00+00:00,completed,5,505.33,505.38,505.3,505.35,1533,1
5m,bbd21df977755393ba8f7c800d26a0bbe67ca6f60788c9226bde3d6828bc5795,9a7fb92ed06387a46af603f396bb8ce5097e5babc2f3de830ae0f9df954f56d2,2024-07-02,2024-07-02T19:00:00+00:00,2024-07-02T19:05:00+00:00,completed,5,505.34,505.39,505.31,505.36,1534,1
5m,bbd21df977755393ba8f7c800d26a0bbe67ca6f60788c9226bde3d6828bc5795,98f912bae093a233d2b9335d032787077f1b34500d20b475c44c998e624acd01,2024-07-02,2024-07-02T19:05:00+00:00,2024-07-02T19:10:00+00:00,completed,5,505.35,505.4,505.32,505.37,1535,1
5m,bbd21df977755393ba8f7c800d26a0bbe67ca6f60788c9226bde3d6828bc5795,f7d5c3946c7fe9f648c42fd30ebe9d3717c1a5ea09c2d9741c6ab24cd3325b0f,2024-07-02,2024-07-02T19:10:00+00:00,2024-07-02T19:15:00+00:00,completed,5,505.36,505.41,505.33,505.38,1536,1
5m,bbd21df977755393ba8f7c800d26a0bbe67ca6f60788c9226bde3d6828bc5795,5bdc779546cea7fc88f953e28e40d32763ac87391abcf8ba3eab37b59f8b541c,2024-07-02,2024-07-02T19:15:00+00:00,2024-07-02T19:20:00+00:00,completed,5,505.37,505.42,505.34,505.39,1537,1
5m,bbd21df977755393ba8f7c800d26a0bbe67ca6f60788c9226bde3d6828bc5795,153dfb844ac93952ee13408621755b699d6275f45459fc90a24f18c67611e1fd,2024-07-02,2024-07-02T19:20:00+00:00,2024-07-02T19:25:00+00:00,completed,5,505.38,505.43,505.35,505.4,1538,1
5m,bbd21df977755393ba8f7c800d26a0bbe67ca6f60788c9226bde3d6828bc5795,74b0a5e72d5a1d49972b5163a1a43bc472e622b6f153452fe5c6e547b855e499,2024-07-02,2024-07-02T19:25:00+00:00,2024-07-02T19:30:00+00:00,completed,5,505.39,505.44,505.36,505.41,1539,1
5m,bbd21df977755393ba8f7c800d26a0bbe67ca6f60788c9226bde3d6828bc5795,d3b40b797361e66e285c20ab70d2d18b46c83cf732504fe1a69779b4a68897c4,2024-07-02,2024-07-02T19:30:00+00:00,2024-07-02T19:35:00+00:00,completed,5,505.4,505.45,505.37,505.42,1540,1
5m,bbd21df977755393ba8f7c800d26a0bbe67ca6f60788c9226bde3d6828bc5795,7bc8f9426ed33f80005bd72bf7df391556a0d8a4b9c898c364cf2d5f878be1b9,2024-07-02,2024-07-02T19:35:00+00:00,2024-07-02T19:40:00+00:00,completed,5,505.41,505.46,505.38,505.43,1541,1
5m,bbd21df977755393ba8f7c800d26a0bbe67ca6f60788c9226bde3d6828bc5795,8d6a9144a07e8bd4e55bbdc2485838d0d474a43a662229e456eab0f69e23954c,2024-07-02,2024-07-02T19:40:00+00:00,2024-07-02T19:45:00+00:00,completed,5,505.42,505.47,505.39,505.44,1542,1
5m,bbd21df977755393ba8f7c800d26a0bbe67ca6f60788c9226bde3d6828bc5795,95f8b7a8de17d4b83db8b7db8d0fc86773ba19fdd61636a61d3f05e3f8e7da1a,2024-07-02,2024-07-02T19:45:00+00:00,2024-07-02T19:50:00+00:00,completed,5,505.43,505.48,505.4,505.45,1543,1
5m,bbd21df977755393ba8f7c800d26a0bbe67ca6f60788c9226bde3d6828bc5795,88b9ebf4966e017c0bef47069450f4df86ca52951ff0af498b4c9a18ad917cb9,2024-07-02,2024-07-02T19:50:00+00:00,2024-07-02T19:55:00+00:00,completed,5,505.44,505.49,505.41,505.46,1544,1
5m,bbd21df977755393ba8f7c800d26a0bbe67ca6f60788c9226bde3d6828bc5795,63c86a34ae28bd5e836b9db8c95d3a9eaf36db5a16432b1cf75a8d2adfb7a36d,2024-07-02,2024-07-02T19:55:00+00:00,2024-07-02T20:00:00+00:00,completed,5,505.45,505.5,505.42,505.47,1545,1
5m,bbd21df977755393ba8f7c800d26a0bbe67ca6f60788c9226bde3d6828bc5795,8dbe562abb1d1a3ff4127901bb5d143dfc1369e96afec73dd6b57a66222f6ef6,2024-07-03,2024-07-03T13:30:00+00:00,2024-07-03T13:35:00+00:00,completed,5,505.46,505.51,505.43,505.48,1546,1
5m,bbd21df977755393ba8f7c800d26a0bbe67ca6f60788c9226bde3d6828bc5795,02ff1d4e9b297c0254fbd3830e45ae93ebb4c37cc635976464d7cafd91c00f9f,2024-07-03,2024-07-03T13:35:00+00:00,2024-07-03T13:40:00+00:00,completed,5,505.47,505.52,505.44,505.49,1547,1
5m,bbd21df977755393ba8f7c800d26a0bbe67ca6f60788c9226bde3d6828bc5795,220609298075e223e4a345c14f49f0c7c3f8979283c9f5d1cca720c994f60837,2024-07-03,2024-07-03T13:40:00+00:00,2024-07-03T13:45:00+00:00,completed,5,505.48,505.53,505.45,505.5,1548,1
5m,bbd21df977755393ba8f7c800d26a0bbe67ca6f60788c9226bde3d6828bc5795,b42bec9b00b770ae667cd6a55ed1462e92d444a8b2779748a474cfc5c624cd53,2024-07-03,2024-07-03T13:45:00+00:00,2024-07-03T13:50:00+00:00,completed,5,505.49,505.54,505.46,505.51,1549,1
5m,bbd21df977755393ba8f7c800d26a0bbe67ca6f60788c9226bde3d6828bc5795,d9020a1d71e2077e0b2b84a16727fd60fa178e400d0b2d45aa8a5353c1bb2db1,2024-07-03,2024-07-03T13:50:00+00:00,2024-07-03T13:55:00+00:00,completed,5,505.5,505.55,505.47,505.52,1550,1
5m,bbd21df977755393ba8f7c800d26a0bbe67ca6f60788c9226bde3d6828bc5795,73e2a2fcca3a09c98b59859b4c11b16e5dc2516938e4d2ed251fad5dec430e74,2024-07-03,2024-07-03T13:55:00+00:00,2024-07-03T14:00:00+00:00,completed,5,505.51,505.56,505.48,505.53,1551,1
5m,bbd21df977755393ba8f7c800d26a0bbe67ca6f60788c9226bde3d6828bc5795,92d3fb46f0665170c3809d4da77d9d1da23e985ba74c3ca9db1a33bff430e80f,2024-07-03,2024-07-03T14:00:00+00:00,2024-07-03T14:05:00+00:00,completed,5,505.52,505.57,505.49,505.54,1552,1
5m,bbd21df977755393ba8f7c800d26a0bbe67ca6f60788c9226bde3d6828bc5795,10c95a5d4ac41aa5b6d453a6fbf2d43b0e94db1bde6bb4833fa8982d0b469dc0,2024-07-03,2024-07-03T14:05:00+00:00,2024-07-03T14:10:00+00:00,completed,5,505.53,505.58,505.5,505.55,1553,1
5m,bbd21df977755393ba8f7c800d26a0bbe67ca6f60788c9226bde3d6828bc5795,5a9a68d07449d64fb1955877d08fcd5e2e64464bdd8595f7994dfe66e15518fc,2024-07-03,2024-07-03T14:10:00+00:00,2024-07-03T14:15:00+00:00,completed,5,505.54,505.59,505.51,505.56,1554,1
5m,bbd21df977755393ba8f7c800d26a0bbe67ca6f60788c9226bde3d6828bc5795,fa9e447f52c863d76c662a54beac652ec41a1d85d4282a1adbea205b9edd2a4d,2024-07-03,2024-07-03T14:15:00+00:00,2024-07-03T14:20:00+00:00,completed,5,505.55,505.6,505.52,505.57,1555,1
5m,bbd21df977755393ba8f7c800d26a0bbe67ca6f60788c9226bde3d6828bc5795,4976a89d8996326be9e4d03a2b3a6ab346bdc4b0455a7ee89b6af525efc6d47f,2024-07-03,2024-07-03T14:20:00+00:00,2024-07-03T14:25:00+00:00,completed,5,505.56,505.61,505.53,505.58,1556,1
5m,bbd21df977755393ba8f7c800d26a0bbe67ca6f60788c9226bde3d6828bc5795,d141295ac77d924bed78a193f162c06fca3847c4c021087a7cc20baabd222fb2,2024-07-03,2024-07-03T14:25:00+00:00,2024-07-03T14:30:00+00:00,completed,5,505.57,505.62,505.54,505.59,1557,1
5m,bbd21df977755393ba8f7c800d26a0bbe67ca6f60788c9226bde3d6828bc5795,17d421c4c854aad8bf1e61c9dedd60d3e3b8076b29ec57ae2e80c7a2d2b0de1c,2024-07-03,2024-07-03T14:30:00+00:00,2024-07-03T14:35:00+00:00,completed,5,505.58,505.63,505.55,505.6,1558,1
5m,bbd21df977755393ba8f7c800d26a0bbe67ca6f60788c9226bde3d6828bc5795,a08ea02b81cedb8701b44998a2072668e7f149a552e26ce9cb2b0070d780e34d,2024-07-03,2024-07-03T14:35:00+00:00,2024-07-03T14:40:00+00:00,completed,5,505.59,505.64,505.56,505.61,1559,1
5m,bbd21df977755393ba8f7c800d26a0bbe67ca6f60788c9226bde3d6828bc5795,69fd9e98ae2418061be4472a931e94749a02edb9aff568469147a58cebcc0361,2024-07-03,2024-07-03T14:40:00+00:00,2024-07-03T14:45:00+00:00,completed,5,505.6,505.65,505.57,505.62,1560,1
5m,bbd21df977755393ba8f7c800d26a0bbe67ca6f60788c9226bde3d6828bc5795,2208908c9d5808d4ab2ef250fb7492cb7d384babaf38b364949877273eabb11f,2024-07-03,2024-07-03T14:45:00+00:00,2024-07-03T14:50:00+00:00,completed,5,505.61,505.66,505.58,505.63,1561,1
5m,bbd21df977755393ba8f7c800d26a0bbe67ca6f60788c9226bde3d6828bc5795,b094c51eb9ce2e27bca140bc84167cd4caa895ff363b01f71be7d2bc9a36c7fb,2024-07-03,2024-07-03T14:50:00+00:00,2024-07-03T14:55:00+00:00,completed,5,505.62,505.67,505.59,505.64,1562,1
5m,bbd21df977755393ba8f7c800d26a0bbe67ca6f60788c9226bde3d6828bc5795,0ec272a37eca8bf0b40b2d0daa86bfdcb9fee8d7bb1e63dbb49f64b6f9b94498,2024-07-03,2024-07-03T14:55:00+00:00,2024-07-03T15:00:00+00:00,completed,5,505.63,505.68,505.6,505.65,1563,1
5m,bbd21df977755393ba8f7c800d26a0bbe67ca6f60788c9226bde3d6828bc5795,99ad063e40394457ae98cccb2165f7bce544bf149bb8a72db4de5cb8fb6c1392,2024-07-03,2024-07-03T15:00:00+00:00,2024-07-03T15:05:00+00:00,completed,5,505.64,505.69,505.61,505.66,1564,1
5m,bbd21df977755393ba8f7c800d26a0bbe67ca6f60788c9226bde3d6828bc5795,9c6df25d5ed608b7dd8b76a8e1ec21b1cc68bdf9442179d8a8aadd033f265b5f,2024-07-03,2024-07-03T15:05:00+00:00,2024-07-03T15:10:00+00:00,completed,5,505.65,505.7,505.62,505.67,1565,1
5m,bbd21df977755393ba8f7c800d26a0bbe67ca6f60788c9226bde3d6828bc5795,797ea29973d03725c7b0612f8f70825800292bc92ac2e75174e774f67bada0f6,2024-07-03,2024-07-03T15:10:00+00:00,2024-07-03T15:15:00+00:00,completed,5,505.66,505.71,505.63,505.68,1566,1
5m,bbd21df977755393ba8f7c800d26a0bbe67ca6f60788c9226bde3d6828bc5795,444b08fb6a41fd1882eda26a89918478517132aff9a96726e0d97b174675ff6c,2024-07-03,2024-07-03T15:15:00+00:00,2024-07-03T15:20:00+00:00,completed,5,505.67,505.72,505.64,505.69,1567,1
5m,bbd21df977755393ba8f7c800d26a0bbe67ca6f60788c9226bde3d6828bc5795,11387c6e2a1865dac04924e1960b285d0de36be1be7b38d34aa155952a63f07c,2024-07-03,2024-07-03T15:20:00+00:00,2024-07-03T15:25:00+00:00,completed,5,505.68,505.73,505.65,505.7,1568,1
5m,bbd21df977755393ba8f7c800d26a0bbe67ca6f60788c9226bde3d6828bc5795,29a2343912c09560dc034fa5572834969b5324224a2f3498703bcbabe8adf3e1,2024-07-03,2024-07-03T15:25:00+00:00,2024-07-03T15:30:00+00:00,completed,5,505.69,505.74,505.66,505.71,1569,1
5m,bbd21df977755393ba8f7c800d26a0bbe67ca6f60788c9226bde3d6828bc5795,1975a4a6ff072508d816e71b50be88df1a1285124576f039fad8680959859862,2024-07-03,2024-07-03T15:30:00+00:00,2024-07-03T15:35:00+00:00,completed,5,505.7,505.75,505.67,505.72,1570,1
5m,bbd21df977755393ba8f7c800d26a0bbe67ca6f60788c9226bde3d6828bc5795,c6ed207222f653f24efd2326704c8344ed2bf530e8e4f5ce90639fc8f6e426ac,2024-07-03,2024-07-03T15:35:00+00:00,2024-07-03T15:40:00+00:00,completed,5,505.71,505.76,505.68,505.73,1571,1
5m,bbd21df977755393ba8f7c800d26a0bbe67ca6f60788c9226bde3d6828bc5795,dc7a1bd40580cf1fa48ca42353f1e422ba789922ab22a8a47ec0e3aa14e48b24,2024-07-03,2024-07-03T15:40:00+00:00,2024-07-03T15:45:00+00:00,completed,5,505.72,505.77,505.69,505.74,1572,1
5m,bbd21df977755393ba8f7c800d26a0bbe67ca6f60788c9226bde3d6828bc5795,97c5108f69d17b60bb8afab7ac232920094fe00c68e739dca6ce0861ebf3cc08,2024-07-03,2024-07-03T15:45:00+00:00,2024-07-03T15:50:00+00:00,completed,5,505.73,505.78,505.7,505.75,1573,1
5m,bbd21df977755393ba8f7c800d26a0bbe67ca6f60788c9226bde3d6828bc5795,d5909e0ade90b5c25f94aefb508147d7b332072e4895da88d7e0c75e02b2d89f,2024-07-03,2024-07-03T15:50:00+00:00,2024-07-03T15:55:00+00:00,completed,5,505.74,505.79,505.71,505.76,1574,1
5m,bbd21df977755393ba8f7c800d26a0bbe67ca6f60788c9226bde3d6828bc5795,72bca322840102e582db5c6ed3e73ad48cfd2bc938bfea2a3f11a609e4c5be71,2024-07-03,2024-07-03T15:55:00+00:00,2024-07-03T16:00:00+00:00,completed,5,505.75,505.8,505.72,505.77,1575,1
5m,bbd21df977755393ba8f7c800d26a0bbe67ca6f60788c9226bde3d6828bc5795,cc1300f2d58189c8bbabd4b6e7c660ac193a6bfda91b74d2981beb42fb8efa46,2024-07-03,2024-07-03T16:00:00+00:00,2024-07-03T16:05:00+00:00,completed,5,505.76,505.81,505.73,505.78,1576,1
5m,bbd21df977755393ba8f7c800d26a0bbe67ca6f60788c9226bde3d6828bc5795,98796f163ddcdd2ea4c969ee5653c43f1a1dcae39f96cd10801394d83a05792f,2024-07-03,2024-07-03T16:05:00+00:00,2024-07-03T16:10:00+00:00,completed,5,505.77,505.82,505.74,505.79,1577,1
5m,bbd21df977755393ba8f7c800d26a0bbe67ca6f60788c9226bde3d6828bc5795,75f73d380715d3a3c8fad0813b9f28de4d0fc48f538d7157a1435e1906914408,2024-07-03,2024-07-03T16:10:00+00:00,2024-07-03T16:15:00+00:00,completed,5,505.78,505.83,505.75,505.8,1578,1
5m,bbd21df977755393ba8f7c800d26a0bbe67ca6f60788c9226bde3d6828bc5795,14843fe81d82f212a0fa81dacdfa1fd59ff15bd09366afa113350422ee6c1bbe,2024-07-03,2024-07-03T16:15:00+00:00,2024-07-03T16:20:00+00:00,completed,5,505.79,505.84,505.76,505.81,1579,1
5m,bbd21df977755393ba8f7c800d26a0bbe67ca6f60788c9226bde3d6828bc5795,404666f84fe7b2d3d493461ae8ed100086f0884e82e642dcef1c67e30e484d37,2024-07-03,2024-07-03T16:20:00+00:00,2024-07-03T16:25:00+00:00,completed,5,505.8,505.85,505.77,505.82,1580,1
5m,bbd21df977755393ba8f7c800d26a0bbe67ca6f60788c9226bde3d6828bc5795,185f014a92ddc5554942d584cadcbc766fe3e1637e0d077d2ad69b70c8f6339a,2024-07-03,2024-07-03T16:25:00+00:00,2024-07-03T16:30:00+00:00,completed,5,505.81,505.86,505.78,505.83,1581,1
5m,bbd21df977755393ba8f7c800d26a0bbe67ca6f60788c9226bde3d6828bc5795,d12f025f76e85f07afda900442717da1baf272f4ea0cf1b9bbdcf61a585e4bcb,2024-07-03,2024-07-03T16:30:00+00:00,2024-07-03T16:35:00+00:00,completed,5,505.82,505.87,505.79,505.84,1582,1
5m,bbd21df977755393ba8f7c800d26a0bbe67ca6f60788c9226bde3d6828bc5795,58cb6558d11946829e90f5e593dd486105c2ec0768e15cb8401dff38f09b7606,2024-07-03,2024-07-03T16:35:00+00:00,2024-07-03T16:40:00+00:00,completed,5,505.83,505.88,505.8,505.85,1583,1
5m,bbd21df977755393ba8f7c800d26a0bbe67ca6f60788c9226bde3d6828bc5795,502f06d816a17a04787792f42e09c0b2e3c0a02c3224fc5bd502e9cd30541c51,2024-07-03,2024-07-03T16:40:00+00:00,2024-07-03T16:45:00+00:00,completed,5,505.84,505.89,505.81,505.86,1584,1
5m,bbd21df977755393ba8f7c800d26a0bbe67ca6f60788c9226bde3d6828bc5795,d1643af40cb6835c2c13708a2fc6e748032e15632040f5bf7366ed2b8d3bbc47,2024-07-03,2024-07-03T16:45:00+00:00,2024-07-03T16:50:00+00:00,completed,5,505.85,505.9,505.82,505.87,1585,1
5m,bbd21df977755393ba8f7c800d26a0bbe67ca6f60788c9226bde3d6828bc5795,39175297525fa2ea6740e93e6446199482c9a14860d8c8a535b773f265b490c4,2024-07-03,2024-07-03T16:50:00+00:00,2024-07-03T16:55:00+00:00,completed,5,505.86,505.91,505.83,505.88,1586,1
5m,bbd21df977755393ba8f7c800d26a0bbe67ca6f60788c9226bde3d6828bc5795,5006449ea9e33bb6e124f2a03b6ac40ebf39b24b1f38bc8ecd3edd338cff8d6d,2024-07-03,2024-07-03T16:55:00+00:00,2024-07-03T17:00:00+00:00,completed,5,505.87,505.92,505.84,505.89,1587,1
5m,bbd21df977755393ba8f7c800d26a0bbe67ca6f60788c9226bde3d6828bc5795,b136ceca2874942e37ccefe635912b584a670a00efef4133305ade5d2fa4e3dc,2024-07-05,2024-07-05T13:30:00+00:00,2024-07-05T13:35:00+00:00,completed,5,505.88,505.93,505.85,505.9,1588,1
5m,bbd21df977755393ba8f7c800d26a0bbe67ca6f60788c9226bde3d6828bc5795,b66d694a3fcb30647e35ff8cc08006f0660907c5a294f59d5916e40c42158482,2024-07-05,2024-07-05T13:35:00+00:00,2024-07-05T13:40:00+00:00,completed,5,505.89,505.94,505.86,505.91,1589,1
5m,bbd21df977755393ba8f7c800d26a0bbe67ca6f60788c9226bde3d6828bc5795,5f13b70d3ce88b03bfd06a5056ed0f94d115d4118a489e267e1230cb787238f4,2024-07-05,2024-07-05T13:40:00+00:00,2024-07-05T13:45:00+00:00,completed,5,505.9,505.95,505.87,505.92,1590,1
5m,bbd21df977755393ba8f7c800d26a0bbe67ca6f60788c9226bde3d6828bc5795,f90d7ce1949fdb7f8ff7927d3eb4ecd501256ed5ae534532e8a51966d589e819,2024-07-05,2024-07-05T13:45:00+00:00,2024-07-05T13:50:00+00:00,completed,5,505.91,505.96,505.88,505.93,1591,1
5m,bbd21df977755393ba8f7c800d26a0bbe67ca6f60788c9226bde3d6828bc5795,1c30e28419c585fc75057eb73279d14c65d975fe58c4634b353230d2d0690704,2024-07-05,2024-07-05T13:50:00+00:00,2024-07-05T13:55:00+00:00,completed,5,505.92,505.97,505.89,505.94,1592,1
5m,bbd21df977755393ba8f7c800d26a0bbe67ca6f60788c9226bde3d6828bc5795,01cebb475feca8d4c610caa14d2cda7d33dab4826794a65e394cebe38a453853,2024-07-05,2024-07-05T13:55:00+00:00,2024-07-05T14:00:00+00:00,completed,5,505.93,505.98,505.9,505.95,1593,1
5m,bbd21df977755393ba8f7c800d26a0bbe67ca6f60788c9226bde3d6828bc5795,bb6504d1ced38984a361c29cf82d9f3ca53ef60e5a92560ebd3fc0a085fcccb4,2024-07-05,2024-07-05T14:00:00+00:00,2024-07-05T14:05:00+00:00,completed,5,505.94,505.99,505.91,505.96,1594,1
5m,bbd21df977755393ba8f7c800d26a0bbe67ca6f60788c9226bde3d6828bc5795,3b73038615a0f79ae4aad42865f880457608044269fd1e6ab5cc1e7308a33cac,2024-07-05,2024-07-05T14:05:00+00:00,2024-07-05T14:10:00+00:00,completed,5,505.95,506,505.92,505.97,1595,1
5m,bbd21df977755393ba8f7c800d26a0bbe67ca6f60788c9226bde3d6828bc5795,271d6751a5c322ca4075397ee19f78cfc0d0737c468a6638552d146e3f56bbe7,2024-07-05,2024-07-05T14:10:00+00:00,2024-07-05T14:15:00+00:00,completed,5,505.96,506.01,505.93,505.98,1596,1
5m,bbd21df977755393ba8f7c800d26a0bbe67ca6f60788c9226bde3d6828bc5795,6db387abd56bf63f7510767f5f309e6e183e645f5ddbbe425416849120f410da,2024-07-05,2024-07-05T14:15:00+00:00,2024-07-05T14:20:00+00:00,completed,5,505.97,506.02,505.94,505.99,1597,1
5m,bbd21df977755393ba8f7c800d26a0bbe67ca6f60788c9226bde3d6828bc5795,14662563fcccd7d7c1c5f16bf0974268640d08970ead5f554c6646bacfb3ee23,2024-07-05,2024-07-05T14:20:00+00:00,2024-07-05T14:25:00+00:00,completed,5,505.98,506.03,505.95,506,1598,1
5m,bbd21df977755393ba8f7c800d26a0bbe67ca6f60788c9226bde3d6828bc5795,1e4330f1f8c7c5c249abf35fac69fca13ee6e3ca40665a7a9b214b4f7c35b534,2024-07-05,2024-07-05T14:25:00+00:00,2024-07-05T14:30:00+00:00,completed,5,505.99,506.04,505.96,506.01,1599,1
5m,bbd21df977755393ba8f7c800d26a0bbe67ca6f60788c9226bde3d6828bc5795,10104028eb4a972dcd350dce4acc7de0cd3b07f646ce53ee2cb8db6822df5e31,2024-07-05,2024-07-05T14:30:00+00:00,2024-07-05T14:35:00+00:00,completed,5,506,506.05,505.97,506.02,1600,1
5m,bbd21df977755393ba8f7c800d26a0bbe67ca6f60788c9226bde3d6828bc5795,5803668d2973bc77d6117246795897348066351084cf4c252b48068d8b605e22,2024-07-05,2024-07-05T14:35:00+00:00,2024-07-05T14:40:00+00:00,completed,5,506.01,506.06,505.98,506.03,1601,1
5m,bbd21df977755393ba8f7c800d26a0bbe67ca6f60788c9226bde3d6828bc5795,df96da0e54ec08be0268bd554deeff4c4701b5ad15d283ed060def3d904395ae,2024-07-05,2024-07-05T14:40:00+00:00,2024-07-05T14:45:00+00:00,completed,5,506.02,506.07,505.99,506.04,1602,1
5m,bbd21df977755393ba8f7c800d26a0bbe67ca6f60788c9226bde3d6828bc5795,5daf0c1271357e69fdbe57c0c18e3a0053a0e10a08dd348d8fc8572d9911d0fc,2024-07-05,2024-07-05T14:45:00+00:00,2024-07-05T14:50:00+00:00,completed,5,506.03,506.08,506,506.05,1603,1
5m,bbd21df977755393ba8f7c800d26a0bbe67ca6f60788c9226bde3d6828bc5795,949c1ddcaaee40f652ac117374bd9878820f60b717a9f1130c59df29cd057539,2024-07-05,2024-07-05T14:50:00+00:00,2024-07-05T14:55:00+00:00,completed,5,506.04,506.09,506.01,506.06,1604,1
5m,bbd21df977755393ba8f7c800d26a0bbe67ca6f60788c9226bde3d6828bc5795,e36d921469223829e0056a24a5b351b3204da3b389782aeddfb058a1f8e391c2,2024-07-05,2024-07-05T14:55:00+00:00,2024-07-05T15:00:00+00:00,completed,5,506.05,506.1,506.02,506.07,1605,1
5m,bbd21df977755393ba8f7c800d26a0bbe67ca6f60788c9226bde3d6828bc5795,5b1147b8fbb18bda09cefb872094eaf7d2da4b5c833c508822145129d0a5560d,2024-07-05,2024-07-05T15:00:00+00:00,2024-07-05T15:05:00+00:00,completed,5,506.06,506.11,506.03,506.08,1606,1
5m,bbd21df977755393ba8f7c800d26a0bbe67ca6f60788c9226bde3d6828bc5795,9672ee77aa59b5727985ab0f326c7a3cb270812fc1891d0b76be20a38841b6e4,2024-07-05,2024-07-05T15:05:00+00:00,2024-07-05T15:10:00+00:00,completed,5,506.07,506.12,506.04,506.09,1607,1
5m,bbd21df977755393ba8f7c800d26a0bbe67ca6f60788c9226bde3d6828bc5795,37e3a16ec5224ed54de768efeab05564d76d387cd6405f5ed30c387a147984e7,2024-07-05,2024-07-05T15:10:00+00:00,2024-07-05T15:15:00+00:00,completed,5,506.08,506.13,506.05,506.1,1608,1
5m,bbd21df977755393ba8f7c800d26a0bbe67ca6f60788c9226bde3d6828bc5795,1f3fe1d8498ccb611c5dd8e6ad15acf830f9e6ae0f00ac1cae30f1eddaa4cb3e,2024-07-05,2024-07-05T15:15:00+00:00,2024-07-05T15:20:00+00:00,completed,5,506.09,506.14,506.06,506.11,1609,1
5m,bbd21df977755393ba8f7c800d26a0bbe67ca6f60788c9226bde3d6828bc5795,0cfb1e5e3325229a98a238ec78dba2d1ad22d3489d9fcdae2ab46a4f37f29e34,2024-07-05,2024-07-05T15:20:00+00:00,2024-07-05T15:25:00+00:00,completed,5,506.1,506.15,506.07,506.12,1610,1
5m,bbd21df977755393ba8f7c800d26a0bbe67ca6f60788c9226bde3d6828bc5795,205a57f8cb52fc90b1665eebfa1914d182d38f1663c5ca85baf4dc35f9cd67bd,2024-07-05,2024-07-05T15:25:00+00:00,2024-07-05T15:30:00+00:00,completed,5,506.11,506.16,506.08,506.13,1611,1
5m,bbd21df977755393ba8f7c800d26a0bbe67ca6f60788c9226bde3d6828bc5795,8c20c91d62703e2bda91d5b55ef4a4aa08034bb1ea4d4ab7d760cd36d67b7281,2024-07-05,2024-07-05T15:30:00+00:00,2024-07-05T15:35:00+00:00,completed,5,506.12,506.17,506.09,506.14,1612,1
5m,bbd21df977755393ba8f7c800d26a0bbe67ca6f60788c9226bde3d6828bc5795,61048f75c81c5eb0b6c20154762afa0952498afd6db6f3f4e825c8f65b5bbb12,2024-07-05,2024-07-05T15:35:00+00:00,2024-07-05T15:40:00+00:00,completed,5,506.13,506.18,506.1,506.15,1613,1
5m,bbd21df977755393ba8f7c800d26a0bbe67ca6f60788c9226bde3d6828bc5795,bc3fee7f68c6c16bf286aa35d8fe911fafe92e59bd560724feff244a43abd34c,2024-07-05,2024-07-05T15:40:00+00:00,2024-07-05T15:45:00+00:00,completed,5,506.14,506.19,506.11,506.16,1614,1
5m,bbd21df977755393ba8f7c800d26a0bbe67ca6f60788c9226bde3d6828bc5795,55dffba23d63fb729cb1eadd7634800a4f3fbe088c287f84b62780201de5c662,2024-07-05,2024-07-05T15:45:00+00:00,2024-07-05T15:50:00+00:00,completed,5,506.15,506.2,506.12,506.17,1615,1
5m,bbd21df977755393ba8f7c800d26a0bbe67ca6f60788c9226bde3d6828bc5795,c1bf7cd78ed3091aef7a1cc2b058dafa74e7269822ffcf06e4e1317e87e199f7,2024-07-05,2024-07-05T15:50:00+00:00,2024-07-05T15:55:00+00:00,completed,5,506.16,506.21,506.13,506.18,1616,1
5m,bbd21df977755393ba8f7c800d26a0bbe67ca6f60788c9226bde3d6828bc5795,9cf1e52f3a94e30e7e1c24889036b7f3773fee14bb16112e50a9e8d24cabf9a4,2024-07-05,2024-07-05T15:55:00+00:00,2024-07-05T16:00:00+00:00,completed,5,506.17,506.22,506.14,506.19,1617,1
5m,bbd21df977755393ba8f7c800d26a0bbe67ca6f60788c9226bde3d6828bc5795,6a01ee171c8f47ceeb2a661350a8224188a5e03758702b89a85f3af957fa5a0e,2024-07-05,2024-07-05T16:00:00+00:00,2024-07-05T16:05:00+00:00,completed,5,506.18,506.23,506.15,506.2,1618,1
5m,bbd21df977755393ba8f7c800d26a0bbe67ca6f60788c9226bde3d6828bc5795,b194440c1ce0374d6be3f29fe172971707af4240e1df1de30dc9abbd12af03a4,2024-07-05,2024-07-05T16:05:00+00:00,2024-07-05T16:10:00+00:00,completed,5,506.19,506.24,506.16,506.21,1619,1
5m,bbd21df977755393ba8f7c800d26a0bbe67ca6f60788c9226bde3d6828bc5795,b95248bc0b5ee51bc57273e1716b00e7a27769037dc33c742938f22d2c215fb9,2024-07-05,2024-07-05T16:10:00+00:00,2024-07-05T16:15:00+00:00,completed,5,506.2,506.25,506.17,506.22,1620,1
5m,bbd21df977755393ba8f7c800d26a0bbe67ca6f60788c9226bde3d6828bc5795,daf837f68114ed46dcd271ab0520a660e298203f6d859e2c40b3d0fbdadac3f7,2024-07-05,2024-07-05T16:15:00+00:00,2024-07-05T16:20:00+00:00,completed,5,506.21,506.26,506.18,506.23,1621,1
5m,bbd21df977755393ba8f7c800d26a0bbe67ca6f60788c9226bde3d6828bc5795,6ef66107dbd97fb0cc45304ed5f7f31ea43a935e6d6ef3e94f993a6cbc9892a9,2024-07-05,2024-07-05T16:20:00+00:00,2024-07-05T16:25:00+00:00,completed,5,506.22,506.27,506.19,506.24,1622,1
5m,bbd21df977755393ba8f7c800d26a0bbe67ca6f60788c9226bde3d6828bc5795,2d6b39de54fea266ee664e510d0e194253956ebdbe56ee4d9642079c9c06caf5,2024-07-05,2024-07-05T16:25:00+00:00,2024-07-05T16:30:00+00:00,completed,5,506.23,506.28,506.2,506.25,1623,1
5m,bbd21df977755393ba8f7c800d26a0bbe67ca6f60788c9226bde3d6828bc5795,7057ba94f69c79f8840cea5eb72e6eefcd03424a2291c827e464c5fd2b9c6b15,2024-07-05,2024-07-05T16:30:00+00:00,2024-07-05T16:35:00+00:00,completed,5,506.24,506.29,506.21,506.26,1624,1
5m,bbd21df977755393ba8f7c800d26a0bbe67ca6f60788c9226bde3d6828bc5795,127bb8928e8d8ebdae26f768915cd7086c8413349926ac69ad1a83dbdcdfcbed,2024-07-05,2024-07-05T16:35:00+00:00,2024-07-05T16:40:00+00:00,completed,5,506.25,506.3,506.22,506.27,1625,1
5m,bbd21df977755393ba8f7c800d26a0bbe67ca6f60788c9226bde3d6828bc5795,ba7cf7da698e4b8f87fa41200ae18092e5f939997f8d5bbc3f64f46a6b370c6f,2024-07-05,2024-07-05T16:40:00+00:00,2024-07-05T16:45:00+00:00,completed,5,506.26,506.31,506.23,506.28,1626,1
5m,bbd21df977755393ba8f7c800d26a0bbe67ca6f60788c9226bde3d6828bc5795,9e45b3dc47f9f867abafeb14a156673ad408ff2b4cdc7979358ceb63b2830971,2024-07-05,2024-07-05T16:45:00+00:00,2024-07-05T16:50:00+00:00,completed,5,506.27,506.32,506.24,506.29,1627,1
5m,bbd21df977755393ba8f7c800d26a0bbe67ca6f60788c9226bde3d6828bc5795,470a3dd7c4e0bc54bb0614ac4e23f2b4615f6b63da50fc420fc1204bd6b3b296,2024-07-05,2024-07-05T16:50:00+00:00,2024-07-05T16:55:00+00:00,completed,5,506.28,506.33,506.25,506.3,1628,1
5m,bbd21df977755393ba8f7c800d26a0bbe67ca6f60788c9226bde3d6828bc5795,6ef9c3f1797833468cf9d690323cc7466606086da0fbabac7f26e8177d1baa49,2024-07-05,2024-07-05T16:55:00+00:00,2024-07-05T17:00:00+00:00,completed,5,506.29,506.34,506.26,506.31,1629,1
5m,bbd21df977755393ba8f7c800d26a0bbe67ca6f60788c9226bde3d6828bc5795,21959f2575211940730e218eaa7c5f02a68478eb1f829dd3b788ccb057090040,2024-07-05,2024-07-05T17:00:00+00:00,2024-07-05T17:05:00+00:00,completed,5,506.3,506.35,506.27,506.32,1630,1
5m,bbd21df977755393ba8f7c800d26a0bbe67ca6f60788c9226bde3d6828bc5795,85dbe4cb3e668755536c4de3ab0d790a4941bd41151becbc642819936f77d31c,2024-07-05,2024-07-05T17:05:00+00:00,2024-07-05T17:10:00+00:00,completed,5,506.31,506.36,506.28,506.33,1631,1
5m,bbd21df977755393ba8f7c800d26a0bbe67ca6f60788c9226bde3d6828bc5795,c2e5198be7d152cf9db9886dda3e80d9b50e4242e97d8b5372729b00fd9b37d1,2024-07-05,2024-07-05T17:10:00+00:00,2024-07-05T17:15:00+00:00,completed,5,506.32,506.37,506.29,506.34,1632,1
5m,bbd21df977755393ba8f7c800d26a0bbe67ca6f60788c9226bde3d6828bc5795,c48ea721fe3ff0abae5be28659b570cb3d9f39e5cba6c7664440f535b07b4418,2024-07-05,2024-07-05T17:15:00+00:00,2024-07-05T17:20:00+00:00,completed,5,506.33,506.38,506.3,506.35,1633,1
5m,bbd21df977755393ba8f7c800d26a0bbe67ca6f60788c9226bde3d6828bc5795,84f671bc73f978d68d50ca6de4da71a1460b3b4059b416283e089d3ca19ad87a,2024-07-05,2024-07-05T17:20:00+00:00,2024-07-05T17:25:00+00:00,completed,5,506.34,506.39,506.31,506.36,1634,1
5m,bbd21df977755393ba8f7c800d26a0bbe67ca6f60788c9226bde3d6828bc5795,59376e60e7b0f88189d05a80a758a28d1c3ed1138ef5cb4f74a1225c54f02722,2024-07-05,2024-07-05T17:25:00+00:00,2024-07-05T17:30:00+00:00,completed,5,506.35,506.4,506.32,506.37,1635,1
5m,bbd21df977755393ba8f7c800d26a0bbe67ca6f60788c9226bde3d6828bc5795,e1455e1c49eefbcf73ce81254a1ccc133075a8349ad9eae95c99e64d906229db,2024-07-05,2024-07-05T17:30:00+00:00,2024-07-05T17:35:00+00:00,completed,5,506.36,506.41,506.33,506.38,1636,1
5m,bbd21df977755393ba8f7c800d26a0bbe67ca6f60788c9226bde3d6828bc5795,38c01f1889284c4e223f83769ad1091c3a54c4060a6c745a9e957e9b160ad400,2024-07-05,2024-07-05T17:35:00+00:00,2024-07-05T17:40:00+00:00,completed,5,506.37,506.42,506.34,506.39,1637,1
5m,bbd21df977755393ba8f7c800d26a0bbe67ca6f60788c9226bde3d6828bc5795,c6a09e04e20a674b43396f27e1a484825fbdf921b4463c85a4fc9a6926d52a49,2024-07-05,2024-07-05T17:40:00+00:00,2024-07-05T17:45:00+00:00,completed,5,506.38,506.43,506.35,506.4,1638,1
5m,bbd21df977755393ba8f7c800d26a0bbe67ca6f60788c9226bde3d6828bc5795,d37355570c930cde52a4a8d93a0af77b67f57a5e73609692a71a347267e56baa,2024-07-05,2024-07-05T17:45:00+00:00,2024-07-05T17:50:00+00:00,completed,5,506.39,506.44,506.36,506.41,1639,1
5m,bbd21df977755393ba8f7c800d26a0bbe67ca6f60788c9226bde3d6828bc5795,6b5ef2db13f4294cbb61b0cb6aa8aec930fa235a829f6822341e030fc2eadee0,2024-07-05,2024-07-05T17:50:00+00:00,2024-07-05T17:55:00+00:00,completed,5,506.4,506.45,506.37,506.42,1640,1
5m,bbd21df977755393ba8f7c800d26a0bbe67ca6f60788c9226bde3d6828bc5795,3d13bfd387afae033c7098fc3b262baa5943ffbe49e85a44df997018c499cc7d,2024-07-05,2024-07-05T17:55:00+00:00,2024-07-05T18:00:00+00:00,completed,5,506.41,506.46,506.38,506.43,1641,1
5m,bbd21df977755393ba8f7c800d26a0bbe67ca6f60788c9226bde3d6828bc5795,b43f281e69a3c56076ffa48268e07af537a02eae6a7951cb1a0aa6940baab022,2024-07-05,2024-07-05T18:00:00+00:00,2024-07-05T18:05:00+00:00,completed,5,506.42,506.47,506.39,506.44,1642,1
5m,bbd21df977755393ba8f7c800d26a0bbe67ca6f60788c9226bde3d6828bc5795,bda1c534ce667488ecb0d6b3575fc1e161d03b726cfec00d06e2bed07629e10b,2024-07-05,2024-07-05T18:05:00+00:00,2024-07-05T18:10:00+00:00,completed,5,506.43,506.48,506.4,506.45,1643,1
5m,bbd21df977755393ba8f7c800d26a0bbe67ca6f60788c9226bde3d6828bc5795,8434f0fd473b650db0b3630fb1cf6fbed06730b5774d3558ae16255190158d34,2024-07-05,2024-07-05T18:10:00+00:00,2024-07-05T18:15:00+00:00,completed,5,506.44,506.49,506.41,506.46,1644,1
5m,bbd21df977755393ba8f7c800d26a0bbe67ca6f60788c9226bde3d6828bc5795,b4ea9e266355f6cdb686c22959027026b5247aae0eb2204efb76918aac78dda6,2024-07-05,2024-07-05T18:15:00+00:00,2024-07-05T18:20:00+00:00,completed,5,506.45,506.5,506.42,506.47,1645,1
5m,bbd21df977755393ba8f7c800d26a0bbe67ca6f60788c9226bde3d6828bc5795,a2833607ccf42ccab9b53d9464bc32af774bbd7f10b84d03e37450b2de93f133,2024-07-05,2024-07-05T18:20:00+00:00,2024-07-05T18:25:00+00:00,completed,5,506.46,506.51,506.43,506.48,1646,1
5m,bbd21df977755393ba8f7c800d26a0bbe67ca6f60788c9226bde3d6828bc5795,0fe59f371b62f3f915e38ec1de481ccd6d1c1a908c691fac1beb142abf368fff,2024-07-05,2024-07-05T18:25:00+00:00,2024-07-05T18:30:00+00:00,completed,5,506.47,506.52,506.44,506.49,1647,1
5m,bbd21df977755393ba8f7c800d26a0bbe67ca6f60788c9226bde3d6828bc5795,44c13df7d4293efc0bb646a9e91e8810af8f6263fc9dc1d0336e03b4639fe900,2024-07-05,2024-07-05T18:30:00+00:00,2024-07-05T18:35:00+00:00,completed,5,506.48,506.53,506.45,506.5,1648,1
5m,bbd21df977755393ba8f7c800d26a0bbe67ca6f60788c9226bde3d6828bc5795,7801cbdb7ce56ffb83c8532998717a56e2d0c7126ad53c4825bf445f141d8a3e,2024-07-05,2024-07-05T18:35:00+00:00,2024-07-05T18:40:00+00:00,completed,5,506.49,506.54,506.46,506.51,1649,1
5m,bbd21df977755393ba8f7c800d26a0bbe67ca6f60788c9226bde3d6828bc5795,c26a646b933527b2826a5ed890ef3080e4dd9847f8681b95070993dd8d570182,2024-07-05,2024-07-05T18:40:00+00:00,2024-07-05T18:45:00+00:00,completed,5,506.5,506.55,506.47,506.52,1650,1
5m,bbd21df977755393ba8f7c800d26a0bbe67ca6f60788c9226bde3d6828bc5795,d083affdbac5e08eef2da1a44fe41bf3cea365efcfa96e74911e864a62d517be,2024-07-05,2024-07-05T18:45:00+00:00,2024-07-05T18:50:00+00:00,completed,5,506.51,506.56,506.48,506.53,1651,1
5m,bbd21df977755393ba8f7c800d26a0bbe67ca6f60788c9226bde3d6828bc5795,a601c3a2bdc7533919cd813c5e68041e9c4c55d8dc90b005576196190e077054,2024-07-05,2024-07-05T18:50:00+00:00,2024-07-05T18:55:00+00:00,completed,5,506.52,506.57,506.49,506.54,1652,1
5m,bbd21df977755393ba8f7c800d26a0bbe67ca6f60788c9226bde3d6828bc5795,baf9e445294460c7e257cc7a23dbacb723594f228e09fbef8e665c1439c355aa,2024-07-05,2024-07-05T18:55:00+00:00,2024-07-05T19:00:00+00:00,completed,5,506.53,506.58,506.5,506.55,1653,1
5m,bbd21df977755393ba8f7c800d26a0bbe67ca6f60788c9226bde3d6828bc5795,16652953092d135052ff32bbeea13782acb2340b7dbe352c40bf7fc0368cb175,2024-07-05,2024-07-05T19:00:00+00:00,2024-07-05T19:05:00+00:00,completed,5,506.54,506.59,506.51,506.56,1654,1
5m,bbd21df977755393ba8f7c800d26a0bbe67ca6f60788c9226bde3d6828bc5795,8aaa75c525fd18d36953f6292fdd6cab8133d541a35370bc74f3852daaa9e419,2024-07-05,2024-07-05T19:05:00+00:00,2024-07-05T19:10:00+00:00,completed,5,506.55,506.6,506.52,506.57,1655,1
5m,bbd21df977755393ba8f7c800d26a0bbe67ca6f60788c9226bde3d6828bc5795,aaaf6c9e751f930e56515c1feeeff4bde3e462be79c307c0102122b63aff9f39,2024-07-05,2024-07-05T19:10:00+00:00,2024-07-05T19:15:00+00:00,completed,5,506.56,506.61,506.53,506.58,1656,1
5m,bbd21df977755393ba8f7c800d26a0bbe67ca6f60788c9226bde3d6828bc5795,da9043e4361d39bd774f20c90415cde5b12fe8cb399b19e57395487e0216b195,2024-07-05,2024-07-05T19:15:00+00:00,2024-07-05T19:20:00+00:00,completed,5,506.57,506.62,506.54,506.59,1657,1
5m,bbd21df977755393ba8f7c800d26a0bbe67ca6f60788c9226bde3d6828bc5795,96566555363911faf84d059215f9a06a12bb806e4f654fad5862ca831eadcf26,2024-07-05,2024-07-05T19:20:00+00:00,2024-07-05T19:25:00+00:00,completed,5,506.58,506.63,506.55,506.6,1658,1
5m,bbd21df977755393ba8f7c800d26a0bbe67ca6f60788c9226bde3d6828bc5795,b838b3d6c763a8a0907170b54785e36da651fe9461dae8e6d38a2fcfb049eaad,2024-07-05,2024-07-05T19:25:00+00:00,2024-07-05T19:30:00+00:00,completed,5,506.59,506.64,506.56,506.61,1659,1
5m,bbd21df977755393ba8f7c800d26a0bbe67ca6f60788c9226bde3d6828bc5795,2704944b13b32d0213c5b26a38eebf499bae3592466c58800f2345b4c5358754,2024-07-05,2024-07-05T19:30:00+00:00,2024-07-05T19:35:00+00:00,completed,5,506.6,506.65,506.57,506.62,1660,1
5m,bbd21df977755393ba8f7c800d26a0bbe67ca6f60788c9226bde3d6828bc5795,015bde4ba4e37b50e43d8372e505c6368869621db99fe6421b19a4ab3cacd60a,2024-07-05,2024-07-05T19:35:00+00:00,2024-07-05T19:40:00+00:00,completed,5,506.61,506.66,506.58,506.63,1661,1
5m,bbd21df977755393ba8f7c800d26a0bbe67ca6f60788c9226bde3d6828bc5795,5255e37099e22de69418da507eaeda27e80c0dba343d0b222de92979326c9f47,2024-07-05,2024-07-05T19:40:00+00:00,2024-07-05T19:45:00+00:00,completed,5,506.62,506.67,506.59,506.64,1662,1
5m,bbd21df977755393ba8f7c800d26a0bbe67ca6f60788c9226bde3d6828bc5795,c65d298466b3d55aae8482f345dd734cb5533caa6120857ec0a5fbecb359a63b,2024-07-05,2024-07-05T19:45:00+00:00,2024-07-05T19:50:00+00:00,completed,5,506.63,506.68,506.6,506.65,1663,1
5m,bbd21df977755393ba8f7c800d26a0bbe67ca6f60788c9226bde3d6828bc5795,6bac115ebdb3b0b9986f0d7ec33eca711de8e15acc8d0dba6a63cd9c930977d4,2024-07-05,2024-07-05T19:50:00+00:00,2024-07-05T19:55:00+00:00,completed,5,506.64,506.69,506.61,506.66,1664,1
5m,bbd21df977755393ba8f7c800d26a0bbe67ca6f60788c9226bde3d6828bc5795,077fa5bd017ae341d7dcd5d317e317328f59a5c29feddea53488ad314e9c595a,2024-07-05,2024-07-05T19:55:00+00:00,2024-07-05T20:00:00+00:00,completed,5,506.65,506.7,506.62,506.67,1665,1
5m,bbd21df977755393ba8f7c800d26a0bbe67ca6f60788c9226bde3d6828bc5795,e24180842413fd029bfbceb028580a3a5ae811230aabd7749f894a79fe1c9bd6,2024-07-08,2024-07-08T13:30:00+00:00,2024-07-08T13:35:00+00:00,completed,5,506.66,506.71,506.63,506.68,1666,1
5m,bbd21df977755393ba8f7c800d26a0bbe67ca6f60788c9226bde3d6828bc5795,1d5866ec95ef0df551cd6f8428fbdb7a4b8b2078e12bb6b987ba2d16576780ec,2024-07-08,2024-07-08T13:35:00+00:00,2024-07-08T13:40:00+00:00,completed,5,506.67,506.72,506.64,506.69,1667,1
5m,bbd21df977755393ba8f7c800d26a0bbe67ca6f60788c9226bde3d6828bc5795,35ed12902b4dbcc838b7c379eaf652472e86f95a302a7a441e19f62965a04b81,2024-07-08,2024-07-08T13:40:00+00:00,2024-07-08T13:45:00+00:00,completed,5,506.68,506.73,506.65,506.7,1668,1
5m,bbd21df977755393ba8f7c800d26a0bbe67ca6f60788c9226bde3d6828bc5795,4db3e17372b0a1a446582c4a56755d40f86565df54fbac3106d4265303edc805,2024-07-08,2024-07-08T13:45:00+00:00,2024-07-08T13:50:00+00:00,completed,5,506.69,506.74,506.66,506.71,1669,1
5m,bbd21df977755393ba8f7c800d26a0bbe67ca6f60788c9226bde3d6828bc5795,257807f4f649c446b7e1904124794e4a8a4db6e56d0fe5262f9d7ccfe04935ef,2024-07-08,2024-07-08T13:50:00+00:00,2024-07-08T13:55:00+00:00,completed,5,506.7,506.75,506.67,506.72,1670,1
5m,bbd21df977755393ba8f7c800d26a0bbe67ca6f60788c9226bde3d6828bc5795,b8239b17433f3d157ddef8f0b6762d0c0f61da9995234764530bcfe0879196f4,2024-07-08,2024-07-08T13:55:00+00:00,2024-07-08T14:00:00+00:00,completed,5,506.71,506.76,506.68,506.73,1671,1
5m,bbd21df977755393ba8f7c800d26a0bbe67ca6f60788c9226bde3d6828bc5795,c5f932e15ebc7b7251b5bcbd31e96fd6efa4177f61548a25695df508adada888,2024-07-08,2024-07-08T14:00:00+00:00,2024-07-08T14:05:00+00:00,completed,5,506.72,506.77,506.69,506.74,1672,1
5m,bbd21df977755393ba8f7c800d26a0bbe67ca6f60788c9226bde3d6828bc5795,a86577c558d8d1a513bffe60ddbc4ee8b34b23d17acbf0f21228872aef4422f5,2024-07-08,2024-07-08T14:05:00+00:00,2024-07-08T14:10:00+00:00,completed,5,506.73,506.78,506.7,506.75,1673,1
5m,bbd21df977755393ba8f7c800d26a0bbe67ca6f60788c9226bde3d6828bc5795,ecf6075d07b83e80a561fd2193aa49363dda576fe5da29978ca9c6adfef90254,2024-07-08,2024-07-08T14:10:00+00:00,2024-07-08T14:15:00+00:00,completed,5,506.74,506.79,506.71,506.76,1674,1
5m,bbd21df977755393ba8f7c800d26a0bbe67ca6f60788c9226bde3d6828bc5795,dff0274c06076bf7b0570ade54ea5da0306f6be3fe1bf3d5315ebc6e7152ab36,2024-07-08,2024-07-08T14:15:00+00:00,2024-07-08T14:20:00+00:00,completed,5,506.75,506.8,506.72,506.77,1675,1
5m,bbd21df977755393ba8f7c800d26a0bbe67ca6f60788c9226bde3d6828bc5795,afe4eb31ce008ffbff67f3561f09abf02b644da7d306ce780fae4acafdaa056e,2024-07-08,2024-07-08T14:20:00+00:00,2024-07-08T14:25:00+00:00,completed,5,506.76,506.81,506.73,506.78,1676,1
5m,bbd21df977755393ba8f7c800d26a0bbe67ca6f60788c9226bde3d6828bc5795,3054ead0030f63448656aaa159f6a785ec9308538343ade15a24734f7792241c,2024-07-08,2024-07-08T14:25:00+00:00,2024-07-08T14:30:00+00:00,completed,5,506.77,506.82,506.74,506.79,1677,1
5m,bbd21df977755393ba8f7c800d26a0bbe67ca6f60788c9226bde3d6828bc5795,da9cfc99bb7922a34bc6e266f1cb686608fa2dda0bc3e6db0ddca5835f44e4d1,2024-07-08,2024-07-08T14:30:00+00:00,2024-07-08T14:35:00+00:00,completed,5,506.78,506.83,506.75,506.8,1678,1
5m,bbd21df977755393ba8f7c800d26a0bbe67ca6f60788c9226bde3d6828bc5795,976fab2fb58a1c9de7b0f5ce068f5c69bc5543c02682943aa99c87bad61789da,2024-07-08,2024-07-08T14:35:00+00:00,2024-07-08T14:40:00+00:00,completed,5,506.79,506.84,506.76,506.81,1679,1
5m,bbd21df977755393ba8f7c800d26a0bbe67ca6f60788c9226bde3d6828bc5795,4cfa471348e0fd3325daecbe783680aa30de0d55d74d1ceb3fdc24b1cca0324b,2024-07-08,2024-07-08T14:40:00+00:00,2024-07-08T14:45:00+00:00,completed,5,506.8,506.85,506.77,506.82,1680,1
5m,bbd21df977755393ba8f7c800d26a0bbe67ca6f60788c9226bde3d6828bc5795,3f5080eac8dcfc7b0ad48ea5e1f9380d83f8beebcdc9d61afc97cdf4c59a9fce,2024-07-08,2024-07-08T14:45:00+00:00,2024-07-08T14:50:00+00:00,completed,5,506.81,506.86,506.78,506.83,1681,1
5m,bbd21df977755393ba8f7c800d26a0bbe67ca6f60788c9226bde3d6828bc5795,8a949f6c234a715c14adbf852aa555870cec7879d5700913a26f0744a9e1180c,2024-07-08,2024-07-08T14:50:00+00:00,2024-07-08T14:55:00+00:00,completed,5,506.82,506.87,506.79,506.84,1682,1
5m,bbd21df977755393ba8f7c800d26a0bbe67ca6f60788c9226bde3d6828bc5795,0861c4dcc610853dc4c03bf19a9abf490b936c1ef4eca608eaee21ce1d1faec5,2024-07-08,2024-07-08T14:55:00+00:00,2024-07-08T15:00:00+00:00,completed,5,506.83,506.88,506.8,506.85,1683,1
5m,bbd21df977755393ba8f7c800d26a0bbe67ca6f60788c9226bde3d6828bc5795,9e837391bd180b27421ba1c1e198c0168b26503a734b1a6997e20b0e523afd05,2024-07-08,2024-07-08T15:00:00+00:00,2024-07-08T15:05:00+00:00,completed,5,506.84,506.89,506.81,506.86,1684,1
5m,bbd21df977755393ba8f7c800d26a0bbe67ca6f60788c9226bde3d6828bc5795,8961124e2092c346974b74e17684cf6ecdabcb6b081c10deb399289c6ad648f6,2024-07-08,2024-07-08T15:05:00+00:00,2024-07-08T15:10:00+00:00,completed,5,506.85,506.9,506.82,506.87,1685,1
5m,bbd21df977755393ba8f7c800d26a0bbe67ca6f60788c9226bde3d6828bc5795,1c7e5af68bdcfe2ad8245f673fa7a5286cb38ced55aed70d060d2128e434a555,2024-07-08,2024-07-08T15:10:00+00:00,2024-07-08T15:15:00+00:00,completed,5,506.86,506.91,506.83,506.88,1686,1
5m,bbd21df977755393ba8f7c800d26a0bbe67ca6f60788c9226bde3d6828bc5795,04168cf2f64815d541ede78471a8e21bc8e13a157c83cffc71fa8fb54721a1dd,2024-07-08,2024-07-08T15:15:00+00:00,2024-07-08T15:20:00+00:00,completed,5,506.87,506.92,506.84,506.89,1687,1
5m,bbd21df977755393ba8f7c800d26a0bbe67ca6f60788c9226bde3d6828bc5795,f27c5b4ba79ae597ce56ae157f876c081d4985b140480cdaa9307781ac21814a,2024-07-08,2024-07-08T15:20:00+00:00,2024-07-08T15:25:00+00:00,completed,5,506.88,506.93,506.85,506.9,1688,1
5m,bbd21df977755393ba8f7c800d26a0bbe67ca6f60788c9226bde3d6828bc5795,fc8a0ce93e20bc6cb457efb586bd6a00250d6fe3c1e80da217cf99c22d45ca83,2024-07-08,2024-07-08T15:25:00+00:00,2024-07-08T15:30:00+00:00,completed,5,506.89,506.94,506.86,506.91,1689,1
5m,bbd21df977755393ba8f7c800d26a0bbe67ca6f60788c9226bde3d6828bc5795,c89a829366fb94c09f497a4ef212173daa0408050960dfe3cfb87b56e57d938a,2024-07-08,2024-07-08T15:30:00+00:00,2024-07-08T15:35:00+00:00,completed,5,506.9,506.95,506.87,506.92,1690,1
5m,bbd21df977755393ba8f7c800d26a0bbe67ca6f60788c9226bde3d6828bc5795,55ba66c20589748804f7b3f3969fa60425aa6c8879a9c862e7457ece21ad03ff,2024-07-08,2024-07-08T15:35:00+00:00,2024-07-08T15:40:00+00:00,completed,5,506.91,506.96,506.88,506.93,1691,1
5m,bbd21df977755393ba8f7c800d26a0bbe67ca6f60788c9226bde3d6828bc5795,8d33c52c8a56f46de51374d9f38a8c134155a78b1bb26268c85060de70c7c1fb,2024-07-08,2024-07-08T15:40:00+00:00,2024-07-08T15:45:00+00:00,completed,5,506.92,506.97,506.89,506.94,1692,1
5m,bbd21df977755393ba8f7c800d26a0bbe67ca6f60788c9226bde3d6828bc5795,5ef55a14fd6c256fe3cc2b979619137cbf1aeaf89d9c3876d3f77d64bf657240,2024-07-08,2024-07-08T15:45:00+00:00,2024-07-08T15:50:00+00:00,completed,5,506.93,506.98,506.9,506.95,1693,1
5m,bbd21df977755393ba8f7c800d26a0bbe67ca6f60788c9226bde3d6828bc5795,9e92ecaffcbccf681d5cfdb3c58b027b99d2a4439d633a5c8c8b2b7344ec6396,2024-07-08,2024-07-08T15:50:00+00:00,2024-07-08T15:55:00+00:00,completed,5,506.94,506.99,506.91,506.96,1694,1
5m,bbd21df977755393ba8f7c800d26a0bbe67ca6f60788c9226bde3d6828bc5795,ebdb840bd586f466d646c698035008f08b30433de5caea5b9d55c4d641ef234d,2024-07-08,2024-07-08T15:55:00+00:00,2024-07-08T16:00:00+00:00,completed,5,506.95,507,506.92,506.97,1695,1
5m,bbd21df977755393ba8f7c800d26a0bbe67ca6f60788c9226bde3d6828bc5795,03708cd1ddd7f804a6b2314223cfabb69d51ac6aa0135a1da823e73e3135a095,2024-07-08,2024-07-08T16:00:00+00:00,2024-07-08T16:05:00+00:00,completed,5,506.96,507.01,506.93,506.98,1696,1
5m,bbd21df977755393ba8f7c800d26a0bbe67ca6f60788c9226bde3d6828bc5795,2d9a39532481fb864fb25da4adaca4454af5e147f7511762f761300e20df6133,2024-07-08,2024-07-08T16:05:00+00:00,2024-07-08T16:10:00+00:00,completed,5,506.97,507.02,506.94,506.99,1697,1
5m,bbd21df977755393ba8f7c800d26a0bbe67ca6f60788c9226bde3d6828bc5795,96057011c53c9a4661e65e4b1ae68b4ff19103f749aeea01fad98f900debda69,2024-07-08,2024-07-08T16:10:00+00:00,2024-07-08T16:15:00+00:00,completed,5,506.98,507.03,506.95,507,1698,1
5m,bbd21df977755393ba8f7c800d26a0bbe67ca6f60788c9226bde3d6828bc5795,d822a315e3e05f184ffd0cfe3eda0c3f9dac54e9eadfcdbe806289ff018be0c0,2024-07-08,2024-07-08T16:15:00+00:00,2024-07-08T16:20:00+00:00,completed,5,506.99,507.04,506.96,507.01,1699,1
5m,bbd21df977755393ba8f7c800d26a0bbe67ca6f60788c9226bde3d6828bc5795,8b537aeeb76abe9df04a3b7b6b35dd1d54226a712055a45249fc21e435c869b8,2024-07-08,2024-07-08T16:20:00+00:00,2024-07-08T16:25:00+00:00,completed,5,507,507.05,506.97,507.02,1700,1
5m,bbd21df977755393ba8f7c800d26a0bbe67ca6f60788c9226bde3d6828bc5795,5398d06a70b8555e7cb55f3586d432eb8ce39a47cf6b407ef679e21414356f57,2024-07-08,2024-07-08T16:25:00+00:00,2024-07-08T16:30:00+00:00,completed,5,507.01,507.06,506.98,507.03,1701,1
5m,bbd21df977755393ba8f7c800d26a0bbe67ca6f60788c9226bde3d6828bc5795,afda233dc0bdc1b1444d448c60a6efcba73860ccf780f92531a4704cb6000adf,2024-07-08,2024-07-08T16:30:00+00:00,2024-07-08T16:35:00+00:00,completed,5,507.02,507.07,506.99,507.04,1702,1
5m,bbd21df977755393ba8f7c800d26a0bbe67ca6f60788c9226bde3d6828bc5795,7aff4b408158ec7d297b3fc6c62df27ec43864de29f0a097fbe96bb894426220,2024-07-08,2024-07-08T16:35:00+00:00,2024-07-08T16:40:00+00:00,completed,5,507.03,507.08,507,507.05,1703,1
5m,bbd21df977755393ba8f7c800d26a0bbe67ca6f60788c9226bde3d6828bc5795,873cde161f7177f25a93173bde1b184fa0f4ef18908026b5e6a76e0dd896dd60,2024-07-08,2024-07-08T16:40:00+00:00,2024-07-08T16:45:00+00:00,completed,5,507.04,507.09,507.01,507.06,1704,1
5m,bbd21df977755393ba8f7c800d26a0bbe67ca6f60788c9226bde3d6828bc5795,d122056139f771946bd1025e625b24d7a2bcb8c15790561c35258b4eecf9ba0d,2024-07-08,2024-07-08T16:45:00+00:00,2024-07-08T16:50:00+00:00,completed,5,507.05,507.1,507.02,507.07,1705,1
5m,bbd21df977755393ba8f7c800d26a0bbe67ca6f60788c9226bde3d6828bc5795,55330a2fe909f55287a4634f202bf67fe2487c1077a04c1d74dfdcdfa516902b,2024-07-08,2024-07-08T16:50:00+00:00,2024-07-08T16:55:00+00:00,completed,5,507.06,507.11,507.03,507.08,1706,1
5m,bbd21df977755393ba8f7c800d26a0bbe67ca6f60788c9226bde3d6828bc5795,14bf4c47e5cf913bf92d3b2e8845bb3d394bbebedf5fe1566e06f8761b871913,2024-07-08,2024-07-08T16:55:00+00:00,2024-07-08T17:00:00+00:00,completed,5,507.07,507.12,507.04,507.09,1707,1
5m,bbd21df977755393ba8f7c800d26a0bbe67ca6f60788c9226bde3d6828bc5795,942c614e84f3328d07070893a30e9e625b21e453c9031f063f42fdefde87a43a,2024-07-08,2024-07-08T17:00:00+00:00,2024-07-08T17:05:00+00:00,completed,5,507.08,507.13,507.05,507.1,1708,1
5m,bbd21df977755393ba8f7c800d26a0bbe67ca6f60788c9226bde3d6828bc5795,0988df8ed3fbd8fe4ae76ed3101c3de64c32b14241ca38fe1694612469727b32,2024-07-08,2024-07-08T17:05:00+00:00,2024-07-08T17:10:00+00:00,completed,5,507.09,507.14,507.06,507.11,1709,1
5m,bbd21df977755393ba8f7c800d26a0bbe67ca6f60788c9226bde3d6828bc5795,8157a4d1a8b0bb012305651eba34b5ecd94d0f2d95161d69f8d2396857982f6e,2024-07-08,2024-07-08T17:10:00+00:00,2024-07-08T17:15:00+00:00,completed,5,507.1,507.15,507.07,507.12,1710,1
5m,bbd21df977755393ba8f7c800d26a0bbe67ca6f60788c9226bde3d6828bc5795,9996d5fe63d70be2f34c4669da6687f82a7a7ed42b617e3ff4246a01f510217d,2024-07-08,2024-07-08T17:15:00+00:00,2024-07-08T17:20:00+00:00,completed,5,507.11,507.16,507.08,507.13,1711,1
5m,bbd21df977755393ba8f7c800d26a0bbe67ca6f60788c9226bde3d6828bc5795,844f3a75bf61ef422258fd68ec7199cff15e57c9528de575de468dd04ca3faa8,2024-07-08,2024-07-08T17:20:00+00:00,2024-07-08T17:25:00+00:00,completed,5,507.12,507.17,507.09,507.14,1712,1
5m,bbd21df977755393ba8f7c800d26a0bbe67ca6f60788c9226bde3d6828bc5795,2368075ed326349839ec76f871d5bf9423bee815008e3cb1967ba87897e4dae2,2024-07-08,2024-07-08T17:25:00+00:00,2024-07-08T17:30:00+00:00,completed,5,507.13,507.18,507.1,507.15,1713,1
5m,bbd21df977755393ba8f7c800d26a0bbe67ca6f60788c9226bde3d6828bc5795,6a7e25bfcd68614cdc218a1d2c6bbe4b50d9cab683b3f01afc925aceb5b44ff9,2024-07-08,2024-07-08T17:30:00+00:00,2024-07-08T17:35:00+00:00,completed,5,507.14,507.19,507.11,507.16,1714,1
5m,bbd21df977755393ba8f7c800d26a0bbe67ca6f60788c9226bde3d6828bc5795,2dc4c313bd1187dabb9872c15e6c98ff32a91c21fd29c4d6272dc94ec0f0f543,2024-07-08,2024-07-08T17:35:00+00:00,2024-07-08T17:40:00+00:00,completed,5,507.15,507.2,507.12,507.17,1715,1
5m,bbd21df977755393ba8f7c800d26a0bbe67ca6f60788c9226bde3d6828bc5795,31a6341764bd7a4efabe3bc1a5f04891a3ac59c346b75cbca78fda16250e4c21,2024-07-08,2024-07-08T17:40:00+00:00,2024-07-08T17:45:00+00:00,completed,5,507.16,507.21,507.13,507.18,1716,1
5m,bbd21df977755393ba8f7c800d26a0bbe67ca6f60788c9226bde3d6828bc5795,a72f090a356feb9b4610014c37a9f1799bb5ee252af5872fe7ac79820ce00f84,2024-07-08,2024-07-08T17:45:00+00:00,2024-07-08T17:50:00+00:00,completed,5,507.17,507.22,507.14,507.19,1717,1
5m,bbd21df977755393ba8f7c800d26a0bbe67ca6f60788c9226bde3d6828bc5795,2d6635fa60551837370075474d661aa2e5c1104904711cc963f4a3213abd8ca6,2024-07-08,2024-07-08T17:50:00+00:00,2024-07-08T17:55:00+00:00,completed,5,507.18,507.23,507.15,507.2,1718,1
5m,bbd21df977755393ba8f7c800d26a0bbe67ca6f60788c9226bde3d6828bc5795,27c7c556626218d8813a8b333d3ca5889a774a75a9135506143ce1601c4a8d86,2024-07-08,2024-07-08T17:55:00+00:00,2024-07-08T18:00:00+00:00,completed,5,507.19,507.24,507.16,507.21,1719,1
5m,bbd21df977755393ba8f7c800d26a0bbe67ca6f60788c9226bde3d6828bc5795,7d435e1eecc2dc6ed5bba02e7fd53bca0893949ffd938f1efa28114655e255b9,2024-07-08,2024-07-08T18:00:00+00:00,2024-07-08T18:05:00+00:00,completed,5,507.2,507.25,507.17,507.22,1720,1
5m,bbd21df977755393ba8f7c800d26a0bbe67ca6f60788c9226bde3d6828bc5795,6421b47d4d7f74ae5d7188917bf08728e9db36ec4d1a7586bb47cf9dcc1ca637,2024-07-08,2024-07-08T18:05:00+00:00,2024-07-08T18:10:00+00:00,completed,5,507.21,507.26,507.18,507.23,1721,1
5m,bbd21df977755393ba8f7c800d26a0bbe67ca6f60788c9226bde3d6828bc5795,2ece8691557756dfba3e89d9f02a6f4354074e008eecceb3747230bdfd950b7d,2024-07-08,2024-07-08T18:10:00+00:00,2024-07-08T18:15:00+00:00,completed,5,507.22,507.27,507.19,507.24,1722,1
5m,bbd21df977755393ba8f7c800d26a0bbe67ca6f60788c9226bde3d6828bc5795,25585411f761bd25e50218841c3f5abdce31bb562b4819b42a593fffb009afaf,2024-07-08,2024-07-08T18:15:00+00:00,2024-07-08T18:20:00+00:00,completed,5,507.23,507.28,507.2,507.25,1723,1
5m,bbd21df977755393ba8f7c800d26a0bbe67ca6f60788c9226bde3d6828bc5795,f9504242f5d57ac1c2ebb1431de65ce3f29577b5016af3f2d2fdb4d42da90f5c,2024-07-08,2024-07-08T18:20:00+00:00,2024-07-08T18:25:00+00:00,completed,5,507.24,507.29,507.21,507.26,1724,1
5m,bbd21df977755393ba8f7c800d26a0bbe67ca6f60788c9226bde3d6828bc5795,6a687284720818547b583313a6d37a41d70c71ef53d9a61573b999c54e55c550,2024-07-08,2024-07-08T18:25:00+00:00,2024-07-08T18:30:00+00:00,completed,5,507.25,507.3,507.22,507.27,1725,1
5m,bbd21df977755393ba8f7c800d26a0bbe67ca6f60788c9226bde3d6828bc5795,0df4f959ace59405c1363df84a43b34688261f8739d71c779bcc88bd6574073f,2024-07-08,2024-07-08T18:30:00+00:00,2024-07-08T18:35:00+00:00,completed,5,507.26,507.31,507.23,507.28,1726,1
5m,bbd21df977755393ba8f7c800d26a0bbe67ca6f60788c9226bde3d6828bc5795,eabc85dc622ffe176a18547adb61e1f4d7621c589c8eca6ceba67e0f77827762,2024-07-08,2024-07-08T18:35:00+00:00,2024-07-08T18:40:00+00:00,completed,5,507.27,507.32,507.24,507.29,1727,1
5m,bbd21df977755393ba8f7c800d26a0bbe67ca6f60788c9226bde3d6828bc5795,bad662d811741e0e5f1c3bf7e4d06a8b15eb9ffe2749132bc80376f19d61f34b,2024-07-08,2024-07-08T18:40:00+00:00,2024-07-08T18:45:00+00:00,completed,5,507.28,507.33,507.25,507.3,1728,1
5m,bbd21df977755393ba8f7c800d26a0bbe67ca6f60788c9226bde3d6828bc5795,8d606bb18c0ce4a30393a7fba15230bfe6db2566ce2b8dcc8fc74bf8cbbff1b3,2024-07-08,2024-07-08T18:45:00+00:00,2024-07-08T18:50:00+00:00,completed,5,507.29,507.34,507.26,507.31,1729,1
5m,bbd21df977755393ba8f7c800d26a0bbe67ca6f60788c9226bde3d6828bc5795,6fd8e5331ce6f98f15831972fa14a9cac7c30200c2c5fb442fa8789c961209fd,2024-07-08,2024-07-08T18:50:00+00:00,2024-07-08T18:55:00+00:00,completed,5,507.3,507.35,507.27,507.32,1730,1
5m,bbd21df977755393ba8f7c800d26a0bbe67ca6f60788c9226bde3d6828bc5795,9bcc0c15a77c4ab4ae701dce4cefca089fbd22574f2695a3c85ad24a6c039fa6,2024-07-08,2024-07-08T18:55:00+00:00,2024-07-08T19:00:00+00:00,completed,5,507.31,507.36,507.28,507.33,1731,1
5m,bbd21df977755393ba8f7c800d26a0bbe67ca6f60788c9226bde3d6828bc5795,3be8393394374038db2ee8ee7899ccd1251485b6a45b4c8a89f5269b63f526a9,2024-07-08,2024-07-08T19:00:00+00:00,2024-07-08T19:05:00+00:00,completed,5,507.32,507.37,507.29,507.34,1732,1
5m,bbd21df977755393ba8f7c800d26a0bbe67ca6f60788c9226bde3d6828bc5795,292af2cad1c01394eca7cbac1224948896d4de867b042866d25b44e433d9b98e,2024-07-08,2024-07-08T19:05:00+00:00,2024-07-08T19:10:00+00:00,completed,5,507.33,507.38,507.3,507.35,1733,1
5m,bbd21df977755393ba8f7c800d26a0bbe67ca6f60788c9226bde3d6828bc5795,f74f3f46106770d9befa0ee1e26ac4746ed2ea4c2d6b07cc04d13f7eb10e602d,2024-07-08,2024-07-08T19:10:00+00:00,2024-07-08T19:15:00+00:00,completed,5,507.34,507.39,507.31,507.36,1734,1
5m,bbd21df977755393ba8f7c800d26a0bbe67ca6f60788c9226bde3d6828bc5795,73f8166fd8843971126c076e7e326171fe5ac13a8573407452a45705f697dfe6,2024-07-08,2024-07-08T19:15:00+00:00,2024-07-08T19:20:00+00:00,completed,5,507.35,507.4,507.32,507.37,1735,1
5m,bbd21df977755393ba8f7c800d26a0bbe67ca6f60788c9226bde3d6828bc5795,e6ad58ef6d71fe8dc68638c3b530f771a85e56b43829b3f4b41b4b42e18feb04,2024-07-08,2024-07-08T19:20:00+00:00,2024-07-08T19:25:00+00:00,completed,5,507.36,507.41,507.33,507.38,1736,1
5m,bbd21df977755393ba8f7c800d26a0bbe67ca6f60788c9226bde3d6828bc5795,08e0409a840933d7134f905e427e027955cb805f6c67f709efda9dccb6a2da07,2024-07-08,2024-07-08T19:25:00+00:00,2024-07-08T19:30:00+00:00,completed,5,507.37,507.42,507.34,507.39,1737,1
5m,bbd21df977755393ba8f7c800d26a0bbe67ca6f60788c9226bde3d6828bc5795,4f50c2d75ce7af120106d437fec4e9aa6dc89a4ea65df5240ef0c8b26030364f,2024-07-08,2024-07-08T19:30:00+00:00,2024-07-08T19:35:00+00:00,completed,5,507.38,507.43,507.35,507.4,1738,1
5m,bbd21df977755393ba8f7c800d26a0bbe67ca6f60788c9226bde3d6828bc5795,d7a2255c448035202a9b50af2c22301603d972607d185e80d7fc9eb1a80fbd99,2024-07-08,2024-07-08T19:35:00+00:00,2024-07-08T19:40:00+00:00,completed,5,507.39,507.44,507.36,507.41,1739,1
5m,bbd21df977755393ba8f7c800d26a0bbe67ca6f60788c9226bde3d6828bc5795,ad80037c27fba16cad99a607862ebbfd2e70370038e2a080ccc89514838ec14d,2024-07-08,2024-07-08T19:40:00+00:00,2024-07-08T19:45:00+00:00,completed,5,507.4,507.45,507.37,507.42,1740,1
5m,bbd21df977755393ba8f7c800d26a0bbe67ca6f60788c9226bde3d6828bc5795,9c2be870d0e678655c414c017062b650e4bc22345a8dc05dae3cf0e6ae87a5db,2024-07-08,2024-07-08T19:45:00+00:00,2024-07-08T19:50:00+00:00,completed,5,507.41,507.46,507.38,507.43,1741,1
5m,bbd21df977755393ba8f7c800d26a0bbe67ca6f60788c9226bde3d6828bc5795,9c41f432f06fe467df2b1e7e2df15c8ad03e090139ce79c9b7287de94c69acaf,2024-07-08,2024-07-08T19:50:00+00:00,2024-07-08T19:55:00+00:00,completed,5,507.42,507.47,507.39,507.44,1742,1
5m,bbd21df977755393ba8f7c800d26a0bbe67ca6f60788c9226bde3d6828bc5795,89558a91d008063575c19c663ef801df6203b122c36c7f22d0e4309ad304b380,2024-07-08,2024-07-08T19:55:00+00:00,2024-07-08T20:00:00+00:00,completed,5,507.43,507.48,507.4,507.45,1743,1
5m,bbd21df977755393ba8f7c800d26a0bbe67ca6f60788c9226bde3d6828bc5795,d069ba1f40117fc44380b10ecd635cd0e3b7d91ec33fbf840c982784fd9ed1d8,2024-07-09,2024-07-09T13:30:00+00:00,2024-07-09T13:35:00+00:00,completed,5,507.44,507.49,507.41,507.46,1744,1
5m,bbd21df977755393ba8f7c800d26a0bbe67ca6f60788c9226bde3d6828bc5795,e34960e26532b717464b3da4b369826989b18e1f8cf935db8fa0486689f773be,2024-07-09,2024-07-09T13:35:00+00:00,2024-07-09T13:40:00+00:00,completed,5,507.45,507.5,507.42,507.47,1745,1
5m,bbd21df977755393ba8f7c800d26a0bbe67ca6f60788c9226bde3d6828bc5795,3d912b7c0c8435732878e5a01ade43d280fab2c965ceccd6fa2f59e4dfe757ed,2024-07-09,2024-07-09T13:40:00+00:00,2024-07-09T13:45:00+00:00,completed,5,507.46,507.51,507.43,507.48,1746,1
5m,bbd21df977755393ba8f7c800d26a0bbe67ca6f60788c9226bde3d6828bc5795,eca73529ab84a922cf4f903f832ac0212364d66f43fe5de6701557c0b11f51f4,2024-07-09,2024-07-09T13:45:00+00:00,2024-07-09T13:50:00+00:00,completed,5,507.47,507.52,507.44,507.49,1747,1
5m,bbd21df977755393ba8f7c800d26a0bbe67ca6f60788c9226bde3d6828bc5795,03b874c49da7cd24a698f09640e828df5712d232f5a9ac745cb1e4e02b8e8440,2024-07-09,2024-07-09T13:50:00+00:00,2024-07-09T13:55:00+00:00,completed,5,507.48,507.53,507.45,507.5,1748,1
5m,bbd21df977755393ba8f7c800d26a0bbe67ca6f60788c9226bde3d6828bc5795,edea044d4870cc8a62731abc28e07bfd477a714b43b400ef2735f8cca91576c4,2024-07-09,2024-07-09T13:55:00+00:00,2024-07-09T14:00:00+00:00,completed,5,507.49,507.54,507.46,507.51,1749,1
5m,bbd21df977755393ba8f7c800d26a0bbe67ca6f60788c9226bde3d6828bc5795,9568da896381e84e605efaaed7cf2ba5375d70dee63769627f591ffe16b13d5e,2024-07-09,2024-07-09T14:00:00+00:00,2024-07-09T14:05:00+00:00,completed,5,507.5,507.55,507.47,507.52,1750,1
5m,bbd21df977755393ba8f7c800d26a0bbe67ca6f60788c9226bde3d6828bc5795,21793245a91a5bd9c9534c3108decd1d114995ab49f3a249e9b88cb496214d17,2024-07-09,2024-07-09T14:05:00+00:00,2024-07-09T14:10:00+00:00,completed,5,507.51,507.56,507.48,507.53,1751,1
5m,bbd21df977755393ba8f7c800d26a0bbe67ca6f60788c9226bde3d6828bc5795,55028d2b33181717d49072e5fcb49becadebf388aef07ee4debb96d107828b1a,2024-07-09,2024-07-09T14:10:00+00:00,2024-07-09T14:15:00+00:00,completed,5,507.52,507.57,507.49,507.54,1752,1
5m,bbd21df977755393ba8f7c800d26a0bbe67ca6f60788c9226bde3d6828bc5795,e223944526793bc196a55cfd73496b7ee894ae7185ce0af996e4d0f1ae6babd1,2024-07-09,2024-07-09T14:15:00+00:00,2024-07-09T14:20:00+00:00,completed,5,507.53,507.58,507.5,507.55,1753,1
5m,bbd21df977755393ba8f7c800d26a0bbe67ca6f60788c9226bde3d6828bc5795,e493eb5d3b026f095c8a949be9dc9577da3c7d2d1809a82f3a6c8026c74eec60,2024-07-09,2024-07-09T14:20:00+00:00,2024-07-09T14:25:00+00:00,completed,5,507.54,507.59,507.51,507.56,1754,1
5m,bbd21df977755393ba8f7c800d26a0bbe67ca6f60788c9226bde3d6828bc5795,4eb7a35bd9053eb1580ff0bcad2448852446c4db34ef6779a8cd0146adc14100,2024-07-09,2024-07-09T14:25:00+00:00,2024-07-09T14:30:00+00:00,completed,5,507.55,507.6,507.52,507.57,1755,1
5m,bbd21df977755393ba8f7c800d26a0bbe67ca6f60788c9226bde3d6828bc5795,212e10477dd531c7973bb9dca81948317ef5904b445609d304a6df6c67d5ea6a,2024-07-09,2024-07-09T14:30:00+00:00,2024-07-09T14:35:00+00:00,completed,5,507.56,507.61,507.53,507.58,1756,1
5m,bbd21df977755393ba8f7c800d26a0bbe67ca6f60788c9226bde3d6828bc5795,5bae768e7246c771bec02ed6e81b2d84a5418fc7d1f4654652592cdb2e3800df,2024-07-09,2024-07-09T14:35:00+00:00,2024-07-09T14:40:00+00:00,completed,5,507.57,507.62,507.54,507.59,1757,1
5m,bbd21df977755393ba8f7c800d26a0bbe67ca6f60788c9226bde3d6828bc5795,02e7aa13e2d5d9b695405c7fa32c7f167ddbf52244abc5e092f86ec5e07f6e97,2024-07-09,2024-07-09T14:40:00+00:00,2024-07-09T14:45:00+00:00,completed,5,507.58,507.63,507.55,507.6,1758,1
5m,bbd21df977755393ba8f7c800d26a0bbe67ca6f60788c9226bde3d6828bc5795,27af8f2d53f3ac2ab6ca26c4c41e3582a15a393e5d43a29e062d18d73ccfabfc,2024-07-09,2024-07-09T14:45:00+00:00,2024-07-09T14:50:00+00:00,completed,5,507.59,507.64,507.56,507.61,1759,1
5m,bbd21df977755393ba8f7c800d26a0bbe67ca6f60788c9226bde3d6828bc5795,632ba5c112dbd816f42e089ff86a86d1bfb0f7f6d0899728b1f89615c1d2c707,2024-07-09,2024-07-09T14:50:00+00:00,2024-07-09T14:55:00+00:00,completed,5,507.6,507.65,507.57,507.62,1760,1
5m,bbd21df977755393ba8f7c800d26a0bbe67ca6f60788c9226bde3d6828bc5795,3ae9d6eef6a283788e23f6e8df32008ba7d93de777fe974759a49e2604455a4d,2024-07-09,2024-07-09T14:55:00+00:00,2024-07-09T15:00:00+00:00,completed,5,507.61,507.66,507.58,507.63,1761,1
5m,bbd21df977755393ba8f7c800d26a0bbe67ca6f60788c9226bde3d6828bc5795,da9e217c3ba7eac5efcd2cff1d248751f928229cfae23e49d107f07694328844,2024-07-09,2024-07-09T15:00:00+00:00,2024-07-09T15:05:00+00:00,completed,5,507.62,507.67,507.59,507.64,1762,1
5m,bbd21df977755393ba8f7c800d26a0bbe67ca6f60788c9226bde3d6828bc5795,e06ce7d5be0e89bb3273f24ad3f237079107993f6fa1a0470b4e9be477c5f66f,2024-07-09,2024-07-09T15:05:00+00:00,2024-07-09T15:10:00+00:00,completed,5,507.63,507.68,507.6,507.65,1763,1
5m,bbd21df977755393ba8f7c800d26a0bbe67ca6f60788c9226bde3d6828bc5795,6616615df0127c3cf5e6b784a3ec7799ab4d4649bb8061924c411f2e51110465,2024-07-09,2024-07-09T15:10:00+00:00,2024-07-09T15:15:00+00:00,completed,5,507.64,507.69,507.61,507.66,1764,1
5m,bbd21df977755393ba8f7c800d26a0bbe67ca6f60788c9226bde3d6828bc5795,d47e934a5bba4949de70608df1c3b6398500fcbf791c22936a728ccc407a1971,2024-07-09,2024-07-09T15:15:00+00:00,2024-07-09T15:20:00+00:00,completed,5,507.65,507.7,507.62,507.67,1765,1
5m,bbd21df977755393ba8f7c800d26a0bbe67ca6f60788c9226bde3d6828bc5795,9fe9aa4554d37a99b750fb9f7e7c03fca801400b1397d5f91586787d47e8989c,2024-07-09,2024-07-09T15:20:00+00:00,2024-07-09T15:25:00+00:00,completed,5,507.66,507.71,507.63,507.68,1766,1
5m,bbd21df977755393ba8f7c800d26a0bbe67ca6f60788c9226bde3d6828bc5795,ce2db9b583e524e2d096103875e17d270b1e9c6064c8597eebf62173c99ebf81,2024-07-09,2024-07-09T15:25:00+00:00,2024-07-09T15:30:00+00:00,completed,5,507.67,507.72,507.64,507.69,1767,1
5m,bbd21df977755393ba8f7c800d26a0bbe67ca6f60788c9226bde3d6828bc5795,a0769adf0bbf9c4a1abcbcf13cdb184626e886653a5e4d8756107b31b193e673,2024-07-09,2024-07-09T15:30:00+00:00,2024-07-09T15:35:00+00:00,completed,5,507.68,507.73,507.65,507.7,1768,1
5m,bbd21df977755393ba8f7c800d26a0bbe67ca6f60788c9226bde3d6828bc5795,c0ae8028d0ffdf414b3e555cb8ae3f4418c13580173beaf162e7b0f6186e6611,2024-07-09,2024-07-09T15:35:00+00:00,2024-07-09T15:40:00+00:00,completed,5,507.69,507.74,507.66,507.71,1769,1
5m,bbd21df977755393ba8f7c800d26a0bbe67ca6f60788c9226bde3d6828bc5795,2483666cc2e36bf74cae7d88e70926b462ef2ea01279ffcb06ae6bfb19fe1497,2024-07-09,2024-07-09T15:40:00+00:00,2024-07-09T15:45:00+00:00,completed,5,507.7,507.75,507.67,507.72,1770,1
5m,bbd21df977755393ba8f7c800d26a0bbe67ca6f60788c9226bde3d6828bc5795,b7d67d75f0ac504148a62d0b76d3498753477577d96fc025e6f9ff33e93ee8ce,2024-07-09,2024-07-09T15:45:00+00:00,2024-07-09T15:50:00+00:00,completed,5,507.71,507.76,507.68,507.73,1771,1
5m,bbd21df977755393ba8f7c800d26a0bbe67ca6f60788c9226bde3d6828bc5795,fde85496a02dc88a4b1ecc7554b764143846fb62cb994216d48ea5095157be44,2024-07-09,2024-07-09T15:50:00+00:00,2024-07-09T15:55:00+00:00,completed,5,507.72,507.77,507.69,507.74,1772,1
5m,bbd21df977755393ba8f7c800d26a0bbe67ca6f60788c9226bde3d6828bc5795,fe738181cb05303f725219a6570805a28d22b782e67a1fd839707c085375bc3c,2024-07-09,2024-07-09T15:55:00+00:00,2024-07-09T16:00:00+00:00,completed,5,507.73,507.78,507.7,507.75,1773,1
5m,bbd21df977755393ba8f7c800d26a0bbe67ca6f60788c9226bde3d6828bc5795,c0d518ceb5b6f93b39d590ca104e264c2b659aa3cf2783c2558253ad5e474e91,2024-07-09,2024-07-09T16:00:00+00:00,2024-07-09T16:05:00+00:00,completed,5,507.74,507.79,507.71,507.76,1774,1
5m,bbd21df977755393ba8f7c800d26a0bbe67ca6f60788c9226bde3d6828bc5795,77d499fe80b1ff075a75750f145ab0d017b5f03a5bf40afea291cbc3ab8aa2e3,2024-07-09,2024-07-09T16:05:00+00:00,2024-07-09T16:10:00+00:00,completed,5,507.75,507.8,507.72,507.77,1775,1
5m,bbd21df977755393ba8f7c800d26a0bbe67ca6f60788c9226bde3d6828bc5795,23f6d1e880b8a33545735fe9d54d9f7d0cca66463d9f5bdb918fb267d701ee62,2024-07-09,2024-07-09T16:10:00+00:00,2024-07-09T16:15:00+00:00,completed,5,507.76,507.81,507.73,507.78,1776,1
5m,bbd21df977755393ba8f7c800d26a0bbe67ca6f60788c9226bde3d6828bc5795,8bcd5e6355f04f1def85b2edfba2fa2814541e9e20b641019f55402caa4e7d96,2024-07-09,2024-07-09T16:15:00+00:00,2024-07-09T16:20:00+00:00,completed,5,507.77,507.82,507.74,507.79,1777,1
5m,bbd21df977755393ba8f7c800d26a0bbe67ca6f60788c9226bde3d6828bc5795,18e8b5e6bdaaf1379034704fa328c07a8e5f3149b0217da9cdac70037456d262,2024-07-09,2024-07-09T16:20:00+00:00,2024-07-09T16:25:00+00:00,completed,5,507.78,507.83,507.75,507.8,1778,1
5m,bbd21df977755393ba8f7c800d26a0bbe67ca6f60788c9226bde3d6828bc5795,9eaffbe08e714cedde3cbcd921612556ce49ad09d994bd1a75926e211b9ecb0d,2024-07-09,2024-07-09T16:25:00+00:00,2024-07-09T16:30:00+00:00,completed,5,507.79,507.84,507.76,507.81,1779,1
5m,bbd21df977755393ba8f7c800d26a0bbe67ca6f60788c9226bde3d6828bc5795,ec31e5bd7ca2db857742f52c1fd01a8e3ace7da80eb674de507676288bdd280d,2024-07-09,2024-07-09T16:30:00+00:00,2024-07-09T16:35:00+00:00,completed,5,507.8,507.85,507.77,507.82,1780,1
5m,bbd21df977755393ba8f7c800d26a0bbe67ca6f60788c9226bde3d6828bc5795,bbb28437e2cb91e951774eebdc8b75e174418228d257cf0662da58d406e76155,2024-07-09,2024-07-09T16:35:00+00:00,2024-07-09T16:40:00+00:00,completed,5,507.81,507.86,507.78,507.83,1781,1
5m,bbd21df977755393ba8f7c800d26a0bbe67ca6f60788c9226bde3d6828bc5795,260c3c3d61c96b807f65881708a7df3cb32a1429103585e194e2cbdf8a9253ce,2024-07-09,2024-07-09T16:40:00+00:00,2024-07-09T16:45:00+00:00,completed,5,507.82,507.87,507.79,507.84,1782,1
5m,bbd21df977755393ba8f7c800d26a0bbe67ca6f60788c9226bde3d6828bc5795,8add13a39cdcbdbc3297d44cd983ee153e30483eda420933c56deae728be5375,2024-07-09,2024-07-09T16:45:00+00:00,2024-07-09T16:50:00+00:00,completed,5,507.83,507.88,507.8,507.85,1783,1
5m,bbd21df977755393ba8f7c800d26a0bbe67ca6f60788c9226bde3d6828bc5795,1cf5764e9d02ed0120a475cff12d0d097a559e0e9307a8abda883f2bf0c37723,2024-07-09,2024-07-09T16:50:00+00:00,2024-07-09T16:55:00+00:00,completed,5,507.84,507.89,507.81,507.86,1784,1
5m,bbd21df977755393ba8f7c800d26a0bbe67ca6f60788c9226bde3d6828bc5795,7f12d6285d87d24ec775b941764eb34fe5e065192031c32dd32738cccaf2bca5,2024-07-09,2024-07-09T16:55:00+00:00,2024-07-09T17:00:00+00:00,completed,5,507.85,507.9,507.82,507.87,1785,1
5m,bbd21df977755393ba8f7c800d26a0bbe67ca6f60788c9226bde3d6828bc5795,bda0768dbdcbe062626eb765259264c847a7c8832d7d35a6dd836ad57391e3cc,2024-07-09,2024-07-09T17:00:00+00:00,2024-07-09T17:05:00+00:00,completed,5,507.86,507.91,507.83,507.88,1786,1
5m,bbd21df977755393ba8f7c800d26a0bbe67ca6f60788c9226bde3d6828bc5795,817fbb5f745bbcfe44b90123a742b317f7cb2d4d3cce3015c1529a57032c1dbc,2024-07-09,2024-07-09T17:05:00+00:00,2024-07-09T17:10:00+00:00,completed,5,507.87,507.92,507.84,507.89,1787,1
5m,bbd21df977755393ba8f7c800d26a0bbe67ca6f60788c9226bde3d6828bc5795,a5f7afe1e97d96e6259233d2b66766160a3a9935e2f087c404c80556affc1eeb,2024-07-09,2024-07-09T17:10:00+00:00,2024-07-09T17:15:00+00:00,completed,5,507.88,507.93,507.85,507.9,1788,1
5m,bbd21df977755393ba8f7c800d26a0bbe67ca6f60788c9226bde3d6828bc5795,22ce5d13e1ad27d8fcae84f86b807b72cd9ab0df8ba98bf8292dc154c0772586,2024-07-09,2024-07-09T17:15:00+00:00,2024-07-09T17:20:00+00:00,completed,5,507.89,507.94,507.86,507.91,1789,1
5m,bbd21df977755393ba8f7c800d26a0bbe67ca6f60788c9226bde3d6828bc5795,baa313a373412a989951f3ccbafd74ef844339a759e29d0bb76f456e3cb696a8,2024-07-09,2024-07-09T17:20:00+00:00,2024-07-09T17:25:00+00:00,completed,5,507.9,507.95,507.87,507.92,1790,1
5m,bbd21df977755393ba8f7c800d26a0bbe67ca6f60788c9226bde3d6828bc5795,da55a8e71faa1b513dd7a82611d6e56af52e89dd580b5d0814847c0885374a00,2024-07-09,2024-07-09T17:25:00+00:00,2024-07-09T17:30:00+00:00,completed,5,507.91,507.96,507.88,507.93,1791,1
5m,bbd21df977755393ba8f7c800d26a0bbe67ca6f60788c9226bde3d6828bc5795,2d0f400b388948188f8f45bb30ad7b795b0fa3f7de4cc310f0e0cfd6696b633d,2024-07-09,2024-07-09T17:30:00+00:00,2024-07-09T17:35:00+00:00,completed,5,507.92,507.97,507.89,507.94,1792,1
5m,bbd21df977755393ba8f7c800d26a0bbe67ca6f60788c9226bde3d6828bc5795,323f7fb2045906a6b47bf659e321645dc56dfdee7b804162619157aa85068973,2024-07-09,2024-07-09T17:35:00+00:00,2024-07-09T17:40:00+00:00,completed,5,507.93,507.98,507.9,507.95,1793,1
5m,bbd21df977755393ba8f7c800d26a0bbe67ca6f60788c9226bde3d6828bc5795,206b62273cf9fec6d04de8297a1355d8b3cce5c91f02060d1f17e373135c35c9,2024-07-09,2024-07-09T17:40:00+00:00,2024-07-09T17:45:00+00:00,completed,5,507.94,507.99,507.91,507.96,1794,1
5m,bbd21df977755393ba8f7c800d26a0bbe67ca6f60788c9226bde3d6828bc5795,0141f959b478b358a1caa56be4c6fdfcb3524e5dc5020949e650c765360a4113,2024-07-09,2024-07-09T17:45:00+00:00,2024-07-09T17:50:00+00:00,completed,5,507.95,508,507.92,507.97,1795,1
5m,bbd21df977755393ba8f7c800d26a0bbe67ca6f60788c9226bde3d6828bc5795,29cbe19fd91812de859721081845539586090e5756b0bcb9ae2cd06c45afa646,2024-07-09,2024-07-09T17:50:00+00:00,2024-07-09T17:55:00+00:00,completed,5,507.96,508.01,507.93,507.98,1796,1
5m,bbd21df977755393ba8f7c800d26a0bbe67ca6f60788c9226bde3d6828bc5795,4fd35468fd1e8712b336e4be8540f62f4d647e35b766b6b35ae324f9d6b49523,2024-07-09,2024-07-09T17:55:00+00:00,2024-07-09T18:00:00+00:00,completed,5,507.97,508.02,507.94,507.99,1797,1
5m,bbd21df977755393ba8f7c800d26a0bbe67ca6f60788c9226bde3d6828bc5795,16b88321251bf4cb1584a8c395bc79466c3ec85daee90f6bc98746f9c8a55891,2024-07-09,2024-07-09T18:00:00+00:00,2024-07-09T18:05:00+00:00,completed,5,507.98,508.03,507.95,508,1798,1
5m,bbd21df977755393ba8f7c800d26a0bbe67ca6f60788c9226bde3d6828bc5795,f73b8994a9c33e45ab2660d21a670fd4a9f770ed633b793e9a007fbea2714f54,2024-07-09,2024-07-09T18:05:00+00:00,2024-07-09T18:10:00+00:00,completed,5,507.99,508.04,507.96,508.01,1799,1
5m,bbd21df977755393ba8f7c800d26a0bbe67ca6f60788c9226bde3d6828bc5795,5d384c0109d7bdd3f8d84f39e7b35ab1b7e856d410d58302889f029475f43cef,2024-07-09,2024-07-09T18:10:00+00:00,2024-07-09T18:15:00+00:00,completed,5,508,508.05,507.97,508.02,1800,1
5m,bbd21df977755393ba8f7c800d26a0bbe67ca6f60788c9226bde3d6828bc5795,102b48f5199063ddba29db9efb227d2830629e5484c316a465e14650d7876a24,2024-07-09,2024-07-09T18:15:00+00:00,2024-07-09T18:20:00+00:00,completed,5,508.01,508.06,507.98,508.03,1801,1
5m,bbd21df977755393ba8f7c800d26a0bbe67ca6f60788c9226bde3d6828bc5795,cbf1437266f0d53cc8db01724fe0f22af396ca89673175da785f11b606ca7bbb,2024-07-09,2024-07-09T18:20:00+00:00,2024-07-09T18:25:00+00:00,completed,5,508.02,508.07,507.99,508.04,1802,1
5m,bbd21df977755393ba8f7c800d26a0bbe67ca6f60788c9226bde3d6828bc5795,9881cd487f719562e7456ba683eda461493f87c1717edda4474a53f80d6b2eaa,2024-07-09,2024-07-09T18:25:00+00:00,2024-07-09T18:30:00+00:00,completed,5,508.03,508.08,508,508.05,1803,1
5m,bbd21df977755393ba8f7c800d26a0bbe67ca6f60788c9226bde3d6828bc5795,1918d17c1661198c4f7739898b17e7fb80dca115c6ed6bb8ba160516df1de018,2024-07-09,2024-07-09T18:30:00+00:00,2024-07-09T18:35:00+00:00,completed,5,508.04,508.09,508.01,508.06,1804,1
5m,bbd21df977755393ba8f7c800d26a0bbe67ca6f60788c9226bde3d6828bc5795,a8430e5f938da0e96b15720a947e42e94e52ef394fed58b67e1f8a1693737f51,2024-07-09,2024-07-09T18:35:00+00:00,2024-07-09T18:40:00+00:00,completed,5,508.05,508.1,508.02,508.07,1805,1
5m,bbd21df977755393ba8f7c800d26a0bbe67ca6f60788c9226bde3d6828bc5795,5c443f25ca6ffd120b85bc523f0674815b39c6f7a413cbd1fb67a543cb36118f,2024-07-09,2024-07-09T18:40:00+00:00,2024-07-09T18:45:00+00:00,completed,5,508.06,508.11,508.03,508.08,1806,1
5m,bbd21df977755393ba8f7c800d26a0bbe67ca6f60788c9226bde3d6828bc5795,b332748d658dcc710170064784e86174eac53dd56b1dcdd5c91f71a0e182a809,2024-07-09,2024-07-09T18:45:00+00:00,2024-07-09T18:50:00+00:00,completed,5,508.07,508.12,508.04,508.09,1807,1
5m,bbd21df977755393ba8f7c800d26a0bbe67ca6f60788c9226bde3d6828bc5795,54c3302b4ca393e8c173fc06dceb263925557f1f3a356f7734c573b424b8df4f,2024-07-09,2024-07-09T18:50:00+00:00,2024-07-09T18:55:00+00:00,completed,5,508.08,508.13,508.05,508.1,1808,1
5m,bbd21df977755393ba8f7c800d26a0bbe67ca6f60788c9226bde3d6828bc5795,8e4d9d7a818bbc0c87e8ff090869c62a4d59f04ef681c45a960f6180555ce172,2024-07-09,2024-07-09T18:55:00+00:00,2024-07-09T19:00:00+00:00,completed,5,508.09,508.14,508.06,508.11,1809,1
5m,bbd21df977755393ba8f7c800d26a0bbe67ca6f60788c9226bde3d6828bc5795,133a1bbd4169ad4a2cc5c60ec4a333b97e607ce141bf9a3840f4039638cfc42a,2024-07-09,2024-07-09T19:00:00+00:00,2024-07-09T19:05:00+00:00,completed,5,508.1,508.15,508.07,508.12,1810,1
5m,bbd21df977755393ba8f7c800d26a0bbe67ca6f60788c9226bde3d6828bc5795,a282f9bfb314d5db88a489408b98879c15c6375c3e423cc3d8df0acbc2a477e7,2024-07-09,2024-07-09T19:05:00+00:00,2024-07-09T19:10:00+00:00,completed,5,508.11,508.16,508.08,508.13,1811,1
5m,bbd21df977755393ba8f7c800d26a0bbe67ca6f60788c9226bde3d6828bc5795,1d234a0f03b077112273d0634630892a0e326c1c3eec037ad24c5c49f5969a6a,2024-07-09,2024-07-09T19:10:00+00:00,2024-07-09T19:15:00+00:00,completed,5,508.12,508.17,508.09,508.14,1812,1
5m,bbd21df977755393ba8f7c800d26a0bbe67ca6f60788c9226bde3d6828bc5795,59e03ec47e48e72744270f388ffe37871c98a2cc7c8cefdf549ba29f3e1d97ed,2024-07-09,2024-07-09T19:15:00+00:00,2024-07-09T19:20:00+00:00,completed,5,508.13,508.18,508.1,508.15,1813,1
5m,bbd21df977755393ba8f7c800d26a0bbe67ca6f60788c9226bde3d6828bc5795,de932ddfa4b5a363ccc0182a5bf785b33ab7de424851ba89859e768b5d495df6,2024-07-09,2024-07-09T19:20:00+00:00,2024-07-09T19:25:00+00:00,completed,5,508.14,508.19,508.11,508.16,1814,1
5m,bbd21df977755393ba8f7c800d26a0bbe67ca6f60788c9226bde3d6828bc5795,2ecbbd53a01e3bbece19ea34cced91306c20f0903bf42395da397e8a79bf9286,2024-07-09,2024-07-09T19:25:00+00:00,2024-07-09T19:30:00+00:00,completed,5,508.15,508.2,508.12,508.17,1815,1
5m,bbd21df977755393ba8f7c800d26a0bbe67ca6f60788c9226bde3d6828bc5795,405f59001eafcaeb240b1e92e6898e7746b450644d00af7571742266aa39c67f,2024-07-09,2024-07-09T19:30:00+00:00,2024-07-09T19:35:00+00:00,completed,5,508.16,508.21,508.13,508.18,1816,1
5m,bbd21df977755393ba8f7c800d26a0bbe67ca6f60788c9226bde3d6828bc5795,215b635735194b6c46ef9f57d42121166db2785e2c29a8371f5c52b9a1be3adb,2024-07-09,2024-07-09T19:35:00+00:00,2024-07-09T19:40:00+00:00,completed,5,508.17,508.22,508.14,508.19,1817,1
5m,bbd21df977755393ba8f7c800d26a0bbe67ca6f60788c9226bde3d6828bc5795,554ea2bee4d38c6931bf876fa87695d4ccb7fe999f768d7dea30ee9e1f55bd77,2024-07-09,2024-07-09T19:40:00+00:00,2024-07-09T19:45:00+00:00,completed,5,508.18,508.23,508.15,508.2,1818,1
5m,bbd21df977755393ba8f7c800d26a0bbe67ca6f60788c9226bde3d6828bc5795,a9b73a55ea44e44187d6599f73c04ca1d5dbdd1e6d07986eadd81c291bd51c2e,2024-07-09,2024-07-09T19:45:00+00:00,2024-07-09T19:50:00+00:00,completed,5,508.19,508.24,508.16,508.21,1819,1
5m,bbd21df977755393ba8f7c800d26a0bbe67ca6f60788c9226bde3d6828bc5795,92d7b54a58c04ac049eabab264d200e1b331469aa7109a7eb243fd5c6334ce77,2024-07-09,2024-07-09T19:50:00+00:00,2024-07-09T19:55:00+00:00,completed,5,508.2,508.25,508.17,508.22,1820,1
5m,bbd21df977755393ba8f7c800d26a0bbe67ca6f60788c9226bde3d6828bc5795,63e4a57dfc6fb76b8669eb5140533372f852467240b39e28a5e57bb754ced434,2024-07-09,2024-07-09T19:55:00+00:00,2024-07-09T20:00:00+00:00,completed,5,508.21,508.26,508.18,508.23,1821,1
5m,bbd21df977755393ba8f7c800d26a0bbe67ca6f60788c9226bde3d6828bc5795,1598bfa0cc2282b4fb116271f6874213514f13bd7b92d72cba2713bcd7d44214,2024-07-10,2024-07-10T13:30:00+00:00,2024-07-10T13:35:00+00:00,completed,5,508.22,508.27,508.19,508.24,1822,1
5m,bbd21df977755393ba8f7c800d26a0bbe67ca6f60788c9226bde3d6828bc5795,7cae10b4f18027566be85cb756743712dd3063cf25899c3e379944c7f56e67b7,2024-07-10,2024-07-10T13:35:00+00:00,2024-07-10T13:40:00+00:00,completed,5,508.23,508.28,508.2,508.25,1823,1
5m,bbd21df977755393ba8f7c800d26a0bbe67ca6f60788c9226bde3d6828bc5795,1c191df49ccedf0b9fa452e60a35d34db62938e712061e1754be4e3f31e1cd84,2024-07-10,2024-07-10T13:40:00+00:00,2024-07-10T13:45:00+00:00,completed,5,508.24,508.29,508.21,508.26,1824,1
5m,bbd21df977755393ba8f7c800d26a0bbe67ca6f60788c9226bde3d6828bc5795,9d2b593bdbd1d493ab5862ec57b7944abb74d6f1b50c884ebd84460f84805c99,2024-07-10,2024-07-10T13:45:00+00:00,2024-07-10T13:50:00+00:00,completed,5,508.25,508.3,508.22,508.27,1825,1
5m,bbd21df977755393ba8f7c800d26a0bbe67ca6f60788c9226bde3d6828bc5795,2343a6c9076f946f6e0ed279a91d38df5717db5d35d2ef6f7bb30883f48332e2,2024-07-10,2024-07-10T13:50:00+00:00,2024-07-10T13:55:00+00:00,completed,5,508.26,508.31,508.23,508.28,1826,1
5m,bbd21df977755393ba8f7c800d26a0bbe67ca6f60788c9226bde3d6828bc5795,f37414a142c377b3c2efde5b348ce1980f9d058cdeb23329615c8dd5e55e9ba6,2024-07-10,2024-07-10T13:55:00+00:00,2024-07-10T14:00:00+00:00,completed,5,508.27,508.32,508.24,508.29,1827,1
5m,bbd21df977755393ba8f7c800d26a0bbe67ca6f60788c9226bde3d6828bc5795,9aa6874729d6e24664ebf0868eab673185b9fe4f2d9c196d88ef85aee8c121f4,2024-07-10,2024-07-10T14:00:00+00:00,2024-07-10T14:05:00+00:00,completed,5,508.28,508.33,508.25,508.3,1828,1
5m,bbd21df977755393ba8f7c800d26a0bbe67ca6f60788c9226bde3d6828bc5795,f219ef2e07dacbbe2c66b6198dc7fc3d469a0783f017d8d3225df448248bc333,2024-07-10,2024-07-10T14:05:00+00:00,2024-07-10T14:10:00+00:00,completed,5,508.29,508.34,508.26,508.31,1829,1
5m,bbd21df977755393ba8f7c800d26a0bbe67ca6f60788c9226bde3d6828bc5795,94ea0ca00e32fcc64f0f45e68682b16419743c8c63764d0d38d221446e25b951,2024-07-10,2024-07-10T14:10:00+00:00,2024-07-10T14:15:00+00:00,completed,5,508.3,508.35,508.27,508.32,1830,1
5m,bbd21df977755393ba8f7c800d26a0bbe67ca6f60788c9226bde3d6828bc5795,b2f4f3767520baa85bf60c64dabe17d71d04c90983547a0e552a786acc8c5402,2024-07-10,2024-07-10T14:15:00+00:00,2024-07-10T14:20:00+00:00,completed,5,508.31,508.36,508.28,508.33,1831,1
5m,bbd21df977755393ba8f7c800d26a0bbe67ca6f60788c9226bde3d6828bc5795,f14ae2a302003b96a4ea27b0eaa75ea67d0a5935b9dbbbf62600ccdff988c778,2024-07-10,2024-07-10T14:20:00+00:00,2024-07-10T14:25:00+00:00,completed,5,508.32,508.37,508.29,508.34,1832,1
5m,bbd21df977755393ba8f7c800d26a0bbe67ca6f60788c9226bde3d6828bc5795,a0a8ff8b48e6b21d7cf87b4a7bdd7ea78c26ea45c426791546dd467ec3cf8d48,2024-07-10,2024-07-10T14:25:00+00:00,2024-07-10T14:30:00+00:00,completed,5,508.33,508.38,508.3,508.35,1833,1
5m,bbd21df977755393ba8f7c800d26a0bbe67ca6f60788c9226bde3d6828bc5795,56a25b87fdf2272c49456b96570eb83bbc04ebdf21096ad7eb53016e6c6c1cc0,2024-07-10,2024-07-10T14:30:00+00:00,2024-07-10T14:35:00+00:00,completed,5,508.34,508.39,508.31,508.36,1834,1
5m,bbd21df977755393ba8f7c800d26a0bbe67ca6f60788c9226bde3d6828bc5795,a77b4fca273f57b3a1608ecb6732256aaac4b04af5dace502265350f84b5077d,2024-07-10,2024-07-10T14:35:00+00:00,2024-07-10T14:40:00+00:00,completed,5,508.35,508.4,508.32,508.37,1835,1
5m,bbd21df977755393ba8f7c800d26a0bbe67ca6f60788c9226bde3d6828bc5795,585a841482c2db6cc25470372bc7962611933fb903568529c1f8e4dfdd9e64b5,2024-07-10,2024-07-10T14:40:00+00:00,2024-07-10T14:45:00+00:00,completed,5,508.36,508.41,508.33,508.38,1836,1
5m,bbd21df977755393ba8f7c800d26a0bbe67ca6f60788c9226bde3d6828bc5795,d4eba7935f3b15d23b46b912835294df7cd8620c39eadfc4778f1302b4e5118e,2024-07-10,2024-07-10T14:45:00+00:00,2024-07-10T14:50:00+00:00,completed,5,508.37,508.42,508.34,508.39,1837,1
5m,bbd21df977755393ba8f7c800d26a0bbe67ca6f60788c9226bde3d6828bc5795,21ecff453d4fbcda6a9d9166ed13cb01eec43e0ee9e3fd4e3feabc35bfe1ff48,2024-07-10,2024-07-10T14:50:00+00:00,2024-07-10T14:55:00+00:00,completed,5,508.38,508.43,508.35,508.4,1838,1
5m,bbd21df977755393ba8f7c800d26a0bbe67ca6f60788c9226bde3d6828bc5795,a98341729d9014f54ff7ebc0af2b93476e6da9097bdf1634aa133c2ed37d5629,2024-07-10,2024-07-10T14:55:00+00:00,2024-07-10T15:00:00+00:00,completed,5,508.39,508.44,508.36,508.41,1839,1
5m,bbd21df977755393ba8f7c800d26a0bbe67ca6f60788c9226bde3d6828bc5795,717bbb75cdf7b17d6371867a4d4e77f0970d152de92fe7595e3d741b2e21ad47,2024-07-10,2024-07-10T15:00:00+00:00,2024-07-10T15:05:00+00:00,completed,5,508.4,508.45,508.37,508.42,1840,1
5m,bbd21df977755393ba8f7c800d26a0bbe67ca6f60788c9226bde3d6828bc5795,06062c2f9794c2da2ab9996d130d59f031f529271108336c15b350d8f259abf3,2024-07-10,2024-07-10T15:05:00+00:00,2024-07-10T15:10:00+00:00,completed,5,508.41,508.46,508.38,508.43,1841,1
5m,bbd21df977755393ba8f7c800d26a0bbe67ca6f60788c9226bde3d6828bc5795,a9dfae70eec94fad4a7ba55ee2db8344da0b51866b9e7a9f644d0650d7ca8308,2024-07-10,2024-07-10T15:10:00+00:00,2024-07-10T15:15:00+00:00,completed,5,508.42,508.47,508.39,508.44,1842,1
5m,bbd21df977755393ba8f7c800d26a0bbe67ca6f60788c9226bde3d6828bc5795,26aa0fc3965072ed5412c173e1b48143e588e8cfa3c9f13423e9185a17942fe3,2024-07-10,2024-07-10T15:15:00+00:00,2024-07-10T15:20:00+00:00,completed,5,508.43,508.48,508.4,508.45,1843,1
5m,bbd21df977755393ba8f7c800d26a0bbe67ca6f60788c9226bde3d6828bc5795,72c1085a7400fe779c1fe7c073c93c6b4feda2b0b958c633cdaf3c7c0e1b70da,2024-07-10,2024-07-10T15:20:00+00:00,2024-07-10T15:25:00+00:00,completed,5,508.44,508.49,508.41,508.46,1844,1
5m,bbd21df977755393ba8f7c800d26a0bbe67ca6f60788c9226bde3d6828bc5795,de5edd27b45b4850e066abb22f92c7a645d113e04041004c676fe4640f4e3386,2024-07-10,2024-07-10T15:25:00+00:00,2024-07-10T15:30:00+00:00,completed,5,508.45,508.5,508.42,508.47,1845,1
5m,bbd21df977755393ba8f7c800d26a0bbe67ca6f60788c9226bde3d6828bc5795,c8cd47f5f1821b47c73f840e3f97594cb4a0b3851386926c5ccb2ed5bc0e9428,2024-07-10,2024-07-10T15:30:00+00:00,2024-07-10T15:35:00+00:00,completed,5,508.46,508.51,508.43,508.48,1846,1
5m,bbd21df977755393ba8f7c800d26a0bbe67ca6f60788c9226bde3d6828bc5795,bd3604c6f1bc3ac3e6cff67fbc1b394a12a441c0546939bf4e307f0a811abb5f,2024-07-10,2024-07-10T15:35:00+00:00,2024-07-10T15:40:00+00:00,completed,5,508.47,508.52,508.44,508.49,1847,1
5m,bbd21df977755393ba8f7c800d26a0bbe67ca6f60788c9226bde3d6828bc5795,3afa8dcf610c4cb897f183d443f05d5d0c6c37315a5241b9d0b2791fd788d8c0,2024-07-10,2024-07-10T15:40:00+00:00,2024-07-10T15:45:00+00:00,completed,5,508.48,508.53,508.45,508.5,1848,1
5m,bbd21df977755393ba8f7c800d26a0bbe67ca6f60788c9226bde3d6828bc5795,884ba380436918a9dfe2646fb81002adde47b0cb64632b8190459cc793ba5dc1,2024-07-10,2024-07-10T15:45:00+00:00,2024-07-10T15:50:00+00:00,completed,5,508.49,508.54,508.46,508.51,1849,1
5m,bbd21df977755393ba8f7c800d26a0bbe67ca6f60788c9226bde3d6828bc5795,d4ea3144ce4a9f30e5916a17e82e9fad8fea2c2b2db1e4cef85e8630d9a5074d,2024-07-10,2024-07-10T15:50:00+00:00,2024-07-10T15:55:00+00:00,completed,5,508.5,508.55,508.47,508.52,1850,1
5m,bbd21df977755393ba8f7c800d26a0bbe67ca6f60788c9226bde3d6828bc5795,ebfcf5370c4b83fa52bd5ff08893ef88ed710e01592e5a8d54a83734e8969555,2024-07-10,2024-07-10T15:55:00+00:00,2024-07-10T16:00:00+00:00,completed,5,508.51,508.56,508.48,508.53,1851,1
5m,bbd21df977755393ba8f7c800d26a0bbe67ca6f60788c9226bde3d6828bc5795,b706d1b128d2205051314d119c34f3f283e237cb9b370b9fc3a79d63deca6fc6,2024-07-10,2024-07-10T16:00:00+00:00,2024-07-10T16:05:00+00:00,completed,5,508.52,508.57,508.49,508.54,1852,1
5m,bbd21df977755393ba8f7c800d26a0bbe67ca6f60788c9226bde3d6828bc5795,c3d890bdd882c235869b18cc41fd23780138cb9ec2f98ff955e41e8e2ea934b8,2024-07-10,2024-07-10T16:05:00+00:00,2024-07-10T16:10:00+00:00,completed,5,508.53,508.58,508.5,508.55,1853,1
5m,bbd21df977755393ba8f7c800d26a0bbe67ca6f60788c9226bde3d6828bc5795,5ed60628f434d30e0e2ab0f541e02011637ff9709f61e47c051ff68d68816090,2024-07-10,2024-07-10T16:10:00+00:00,2024-07-10T16:15:00+00:00,completed,5,508.54,508.59,508.51,508.56,1854,1
5m,bbd21df977755393ba8f7c800d26a0bbe67ca6f60788c9226bde3d6828bc5795,890dfbc9c2904c99001cda73d462cf65cd03be997b0fb7d4a2dde875a95f05bd,2024-07-10,2024-07-10T16:15:00+00:00,2024-07-10T16:20:00+00:00,completed,5,508.55,508.6,508.52,508.57,1855,1
5m,bbd21df977755393ba8f7c800d26a0bbe67ca6f60788c9226bde3d6828bc5795,9ec4581c41dfa71898d93d78b5d8aca88aa7884e7df5277acc6c7f2f819ffaa0,2024-07-10,2024-07-10T16:20:00+00:00,2024-07-10T16:25:00+00:00,completed,5,508.56,508.61,508.53,508.58,1856,1
5m,bbd21df977755393ba8f7c800d26a0bbe67ca6f60788c9226bde3d6828bc5795,cff5498e3519d05483c4f23bae00fda48fdbee95f20a086cad7e03cdb57ac8b3,2024-07-10,2024-07-10T16:25:00+00:00,2024-07-10T16:30:00+00:00,completed,5,508.57,508.62,508.54,508.59,1857,1
5m,bbd21df977755393ba8f7c800d26a0bbe67ca6f60788c9226bde3d6828bc5795,ec5bd191a94eaba22d30ff43635aa7510e10a1b471bc05e462d781e2c2f6ff34,2024-07-10,2024-07-10T16:30:00+00:00,2024-07-10T16:35:00+00:00,completed,5,508.58,508.63,508.55,508.6,1858,1
5m,bbd21df977755393ba8f7c800d26a0bbe67ca6f60788c9226bde3d6828bc5795,1fb0f3cab4955fcf63a8769282b386ccb690e762783b2637f9fd3ce2fea4f0c4,2024-07-10,2024-07-10T16:35:00+00:00,2024-07-10T16:40:00+00:00,completed,5,508.59,508.64,508.56,508.61,1859,1
5m,bbd21df977755393ba8f7c800d26a0bbe67ca6f60788c9226bde3d6828bc5795,8caa94f879503898f7810f5e4077b9fea79c64a9e4ec7178b98de79e2f924403,2024-07-10,2024-07-10T16:40:00+00:00,2024-07-10T16:45:00+00:00,completed,5,508.6,508.65,508.57,508.62,1860,1
5m,bbd21df977755393ba8f7c800d26a0bbe67ca6f60788c9226bde3d6828bc5795,d9adf85b5d2903a75baf76dbdd8af8f82d25d042f89f34dc64335013ef3b78af,2024-07-10,2024-07-10T16:45:00+00:00,2024-07-10T16:50:00+00:00,completed,5,508.61,508.66,508.58,508.63,1861,1
5m,bbd21df977755393ba8f7c800d26a0bbe67ca6f60788c9226bde3d6828bc5795,91885162326c6ec3edd5363f494efb0a66d85478a0a35b3045669ac08568a6bc,2024-07-10,2024-07-10T16:50:00+00:00,2024-07-10T16:55:00+00:00,completed,5,508.62,508.67,508.59,508.64,1862,1
5m,bbd21df977755393ba8f7c800d26a0bbe67ca6f60788c9226bde3d6828bc5795,2ec3f79956ada2955f35245ceea8000a33a90ee0e15c7d2477c0b3d19470a3f9,2024-07-10,2024-07-10T16:55:00+00:00,2024-07-10T17:00:00+00:00,completed,5,508.63,508.68,508.6,508.65,1863,1
5m,bbd21df977755393ba8f7c800d26a0bbe67ca6f60788c9226bde3d6828bc5795,d5d59acc6d11f2e1ae7208608ad81f79ca70ceb6536266ecdda4797cb9ba2994,2024-07-10,2024-07-10T17:00:00+00:00,2024-07-10T17:05:00+00:00,completed,5,508.64,508.69,508.61,508.66,1864,1
5m,bbd21df977755393ba8f7c800d26a0bbe67ca6f60788c9226bde3d6828bc5795,eccfdfa664a3b6e1265cb6938b55273ac9224d966ff2cf7a548666bdd1c15046,2024-07-10,2024-07-10T17:05:00+00:00,2024-07-10T17:10:00+00:00,completed,5,508.65,508.7,508.62,508.67,1865,1
5m,bbd21df977755393ba8f7c800d26a0bbe67ca6f60788c9226bde3d6828bc5795,9a4125773f9c38b8982e7054a00babbaedff82b1870609e2c754f122881c3869,2024-07-10,2024-07-10T17:10:00+00:00,2024-07-10T17:15:00+00:00,completed,5,508.66,508.71,508.63,508.68,1866,1
5m,bbd21df977755393ba8f7c800d26a0bbe67ca6f60788c9226bde3d6828bc5795,290cd222a5cf780bda5036b51d619802c31224435764fb700067b21ddb917240,2024-07-10,2024-07-10T17:15:00+00:00,2024-07-10T17:20:00+00:00,completed,5,508.67,508.72,508.64,508.69,1867,1
5m,bbd21df977755393ba8f7c800d26a0bbe67ca6f60788c9226bde3d6828bc5795,3e26e78a168bb40730efb5c5f80d0490a20ba1ed0e88def7fe97cd5b611a6d6d,2024-07-10,2024-07-10T17:20:00+00:00,2024-07-10T17:25:00+00:00,completed,5,508.68,508.73,508.65,508.7,1868,1
5m,bbd21df977755393ba8f7c800d26a0bbe67ca6f60788c9226bde3d6828bc5795,6d662c4d1f622ac26635e0c033518deab2164cf1fd74e97b50e3e8c391692dd9,2024-07-10,2024-07-10T17:25:00+00:00,2024-07-10T17:30:00+00:00,completed,5,508.69,508.74,508.66,508.71,1869,1
5m,bbd21df977755393ba8f7c800d26a0bbe67ca6f60788c9226bde3d6828bc5795,7d58ce30772968964e9e44e7c85ff52c8dd59f384b6cb5164971fb72f69c35d8,2024-07-10,2024-07-10T17:30:00+00:00,2024-07-10T17:35:00+00:00,completed,5,508.7,508.75,508.67,508.72,1870,1
5m,bbd21df977755393ba8f7c800d26a0bbe67ca6f60788c9226bde3d6828bc5795,c6620beeb2c8fd3313cc4e70526fbb2835c9989fefbac390344ea39ec97b5806,2024-07-10,2024-07-10T17:35:00+00:00,2024-07-10T17:40:00+00:00,completed,5,508.71,508.76,508.68,508.73,1871,1
5m,bbd21df977755393ba8f7c800d26a0bbe67ca6f60788c9226bde3d6828bc5795,5e11992033d74fcbf6cab5ccf9d7a12a193ede321ad341d07889a895891162b0,2024-07-10,2024-07-10T17:40:00+00:00,2024-07-10T17:45:00+00:00,completed,5,508.72,508.77,508.69,508.74,1872,1
5m,bbd21df977755393ba8f7c800d26a0bbe67ca6f60788c9226bde3d6828bc5795,2c07d9789bd47c58185a9a85e44738bad53ee6105e34af57051e1faad5371726,2024-07-10,2024-07-10T17:45:00+00:00,2024-07-10T17:50:00+00:00,completed,5,508.73,508.78,508.7,508.75,1873,1
5m,bbd21df977755393ba8f7c800d26a0bbe67ca6f60788c9226bde3d6828bc5795,214755f386c0301d471e007c0b7a49038c919cc778029947dd9669bb260403a4,2024-07-10,2024-07-10T17:50:00+00:00,2024-07-10T17:55:00+00:00,completed,5,508.74,508.79,508.71,508.76,1874,1
5m,bbd21df977755393ba8f7c800d26a0bbe67ca6f60788c9226bde3d6828bc5795,e8e8dba61ca04cccc4061f3ac3efa702b931812ed7ba76b09103785daa46a083,2024-07-10,2024-07-10T17:55:00+00:00,2024-07-10T18:00:00+00:00,completed,5,508.75,508.8,508.72,508.77,1875,1
5m,bbd21df977755393ba8f7c800d26a0bbe67ca6f60788c9226bde3d6828bc5795,96c0c46830ad23871f400e98ebcdff4bfa802afb54f75ffcf952f497148bd1a2,2024-07-10,2024-07-10T18:00:00+00:00,2024-07-10T18:05:00+00:00,completed,5,508.76,508.81,508.73,508.78,1876,1
5m,bbd21df977755393ba8f7c800d26a0bbe67ca6f60788c9226bde3d6828bc5795,78a5d600e623df1087ccf6ce3594bcab35e890564269ac37838cd6c73242892b,2024-07-10,2024-07-10T18:05:00+00:00,2024-07-10T18:10:00+00:00,completed,5,508.77,508.82,508.74,508.79,1877,1
5m,bbd21df977755393ba8f7c800d26a0bbe67ca6f60788c9226bde3d6828bc5795,77b4079bc7641772a47a995263a34448c682004d434820a1de64c7a23f8c3808,2024-07-10,2024-07-10T18:10:00+00:00,2024-07-10T18:15:00+00:00,completed,5,508.78,508.83,508.75,508.8,1878,1
5m,bbd21df977755393ba8f7c800d26a0bbe67ca6f60788c9226bde3d6828bc5795,5da7b97e88d71646253ab39af85615305c17e0042c97e8e65b8fc0aa3f24e60e,2024-07-10,2024-07-10T18:15:00+00:00,2024-07-10T18:20:00+00:00,completed,5,508.79,508.84,508.76,508.81,1879,1
5m,bbd21df977755393ba8f7c800d26a0bbe67ca6f60788c9226bde3d6828bc5795,2521aaaee56bbc9240b34faefd49ad910f40d5eb971cc77b34e603ecc562194a,2024-07-10,2024-07-10T18:20:00+00:00,2024-07-10T18:25:00+00:00,completed,5,508.8,508.85,508.77,508.82,1880,1
5m,bbd21df977755393ba8f7c800d26a0bbe67ca6f60788c9226bde3d6828bc5795,3ed671aaf2eb8a5ae463838ec9d87f0c1682f9c94d56474fcd33f632c89175bc,2024-07-10,2024-07-10T18:25:00+00:00,2024-07-10T18:30:00+00:00,completed,5,508.81,508.86,508.78,508.83,1881,1
5m,bbd21df977755393ba8f7c800d26a0bbe67ca6f60788c9226bde3d6828bc5795,114a8a8f9a5dd613b0bbf87b27b313fbc2d8f529b40bff19e7122047897dabf3,2024-07-10,2024-07-10T18:30:00+00:00,2024-07-10T18:35:00+00:00,completed,5,508.82,508.87,508.79,508.84,1882,1
5m,bbd21df977755393ba8f7c800d26a0bbe67ca6f60788c9226bde3d6828bc5795,dfd79bfcc4ff3f8ffea4ace3f3e17d56564554e78d38149da362d6f01c2be9da,2024-07-10,2024-07-10T18:35:00+00:00,2024-07-10T18:40:00+00:00,completed,5,508.83,508.88,508.8,508.85,1883,1
5m,bbd21df977755393ba8f7c800d26a0bbe67ca6f60788c9226bde3d6828bc5795,648c524deb06c56993d177a005adf7632b3ead6af1a23e6f9fcb2931e83bd6d4,2024-07-10,2024-07-10T18:40:00+00:00,2024-07-10T18:45:00+00:00,completed,5,508.84,508.89,508.81,508.86,1884,1
5m,bbd21df977755393ba8f7c800d26a0bbe67ca6f60788c9226bde3d6828bc5795,c46dc2b3fb42f0e80d8075c568255f0d2297570d2e443056e04f8f63ef3bda92,2024-07-10,2024-07-10T18:45:00+00:00,2024-07-10T18:50:00+00:00,completed,5,508.85,508.9,508.82,508.87,1885,1
5m,bbd21df977755393ba8f7c800d26a0bbe67ca6f60788c9226bde3d6828bc5795,83180a3c9a7223851a0bf1aebfccd7e28a4361c15cd5235ee8be00b1d1740657,2024-07-10,2024-07-10T18:50:00+00:00,2024-07-10T18:55:00+00:00,completed,5,508.86,508.91,508.83,508.88,1886,1
5m,bbd21df977755393ba8f7c800d26a0bbe67ca6f60788c9226bde3d6828bc5795,e6e827dc03caa7f05083eb5022fe519c7d79f8937ca81605a7d49a673a9634ee,2024-07-10,2024-07-10T18:55:00+00:00,2024-07-10T19:00:00+00:00,completed,5,508.87,508.92,508.84,508.89,1887,1
5m,bbd21df977755393ba8f7c800d26a0bbe67ca6f60788c9226bde3d6828bc5795,317cdf9341c641cd6ee544dd89518048a581b4832f9cf5f81ea05e1dd35b5a6b,2024-07-10,2024-07-10T19:00:00+00:00,2024-07-10T19:05:00+00:00,completed,5,508.88,508.93,508.85,508.9,1888,1
5m,bbd21df977755393ba8f7c800d26a0bbe67ca6f60788c9226bde3d6828bc5795,e06d871fcd2c247d5cd27b52c817e82db57111b776456d6e34de290f68045237,2024-07-10,2024-07-10T19:05:00+00:00,2024-07-10T19:10:00+00:00,completed,5,508.89,508.94,508.86,508.91,1889,1
5m,bbd21df977755393ba8f7c800d26a0bbe67ca6f60788c9226bde3d6828bc5795,b104c7e7d3701d03844ede26d0aa60de562697b34e22bba144ef81820e96900a,2024-07-10,2024-07-10T19:10:00+00:00,2024-07-10T19:15:00+00:00,completed,5,508.9,508.95,508.87,508.92,1890,1
5m,bbd21df977755393ba8f7c800d26a0bbe67ca6f60788c9226bde3d6828bc5795,2007adcf748ba1b97d1fe8bb3ee38b51452117460da2dd159c7e7adac24165e2,2024-07-10,2024-07-10T19:15:00+00:00,2024-07-10T19:20:00+00:00,completed,5,508.91,508.96,508.88,508.93,1891,1
5m,bbd21df977755393ba8f7c800d26a0bbe67ca6f60788c9226bde3d6828bc5795,368401c9a6468263eba53324a95e0a32874ce0f06be52a9fe36a72ddbc91f99c,2024-07-10,2024-07-10T19:20:00+00:00,2024-07-10T19:25:00+00:00,completed,5,508.92,508.97,508.89,508.94,1892,1
5m,bbd21df977755393ba8f7c800d26a0bbe67ca6f60788c9226bde3d6828bc5795,f9b9e25db1153d80cc868aaacdec4ae6737278c4d27bd9e40bddbbc0a7e657d7,2024-07-10,2024-07-10T19:25:00+00:00,2024-07-10T19:30:00+00:00,completed,5,508.93,508.98,508.9,508.95,1893,1
5m,bbd21df977755393ba8f7c800d26a0bbe67ca6f60788c9226bde3d6828bc5795,7782e705df6ab550078267f69e22015590b7eb027fd0ea5b0ace6ff3a15b08bc,2024-07-10,2024-07-10T19:30:00+00:00,2024-07-10T19:35:00+00:00,completed,5,508.94,508.99,508.91,508.96,1894,1
5m,bbd21df977755393ba8f7c800d26a0bbe67ca6f60788c9226bde3d6828bc5795,488a5d4a52c98dee3a710e39706cae7b31e93096510d41b66e87064da585bf10,2024-07-10,2024-07-10T19:35:00+00:00,2024-07-10T19:40:00+00:00,completed,5,508.95,509,508.92,508.97,1895,1
5m,bbd21df977755393ba8f7c800d26a0bbe67ca6f60788c9226bde3d6828bc5795,37ebb1c7aa85241122270da2fb593e664842d72cacb5d345dc456054f1a43f01,2024-07-10,2024-07-10T19:40:00+00:00,2024-07-10T19:45:00+00:00,completed,5,508.96,509.01,508.93,508.98,1896,1
5m,bbd21df977755393ba8f7c800d26a0bbe67ca6f60788c9226bde3d6828bc5795,016d3704c5734733e5b92d0a3b2722a4a74c5fdf5d845cb256755c96c67c967b,2024-07-10,2024-07-10T19:45:00+00:00,2024-07-10T19:50:00+00:00,completed,5,508.97,509.02,508.94,508.99,1897,1
5m,bbd21df977755393ba8f7c800d26a0bbe67ca6f60788c9226bde3d6828bc5795,9d4ebd9e0782f317dc2cda4a3f341aef06c309ef6ff1da24f88c345e9777ceaf,2024-07-10,2024-07-10T19:50:00+00:00,2024-07-10T19:55:00+00:00,completed,5,508.98,509.03,508.95,509,1898,1
5m,bbd21df977755393ba8f7c800d26a0bbe67ca6f60788c9226bde3d6828bc5795,df29aa4b18b70e9147c4d8fb301e7d7d425fd60ae1b9eb87b549527566a6313d,2024-07-10,2024-07-10T19:55:00+00:00,2024-07-10T20:00:00+00:00,completed,5,508.99,509.04,508.96,509.01,1899,1
5m,bbd21df977755393ba8f7c800d26a0bbe67ca6f60788c9226bde3d6828bc5795,604c21fd2e68e4c956d707491c4c958555c3044f3df99e2c2f369709cd09d325,2024-07-11,2024-07-11T13:30:00+00:00,2024-07-11T13:35:00+00:00,completed,5,509,509.05,508.97,509.02,1900,1
5m,bbd21df977755393ba8f7c800d26a0bbe67ca6f60788c9226bde3d6828bc5795,e36feb7298d52a132ddd91cc7130fe6bfc221806763032849edc1a0ee9fa8a2b,2024-07-11,2024-07-11T13:35:00+00:00,2024-07-11T13:40:00+00:00,completed,5,509.01,509.06,508.98,509.03,1901,1
5m,bbd21df977755393ba8f7c800d26a0bbe67ca6f60788c9226bde3d6828bc5795,bd78adad30c0a3e77efcc189a1ca7f02b369fedf4d63bfdb561971e3ca86456b,2024-07-11,2024-07-11T13:40:00+00:00,2024-07-11T13:45:00+00:00,completed,5,509.02,509.07,508.99,509.04,1902,1
5m,bbd21df977755393ba8f7c800d26a0bbe67ca6f60788c9226bde3d6828bc5795,400a13016320ea196adaa85b0a77ff5e73a22c63f7245b737a2b6e6a5b2415c6,2024-07-11,2024-07-11T13:45:00+00:00,2024-07-11T13:50:00+00:00,completed,5,509.03,509.08,509,509.05,1903,1
5m,bbd21df977755393ba8f7c800d26a0bbe67ca6f60788c9226bde3d6828bc5795,db6e4838587973ecbfad15992d8297d978ac227e2141a442874fda67a07df24f,2024-07-11,2024-07-11T13:50:00+00:00,2024-07-11T13:55:00+00:00,completed,5,509.04,509.09,509.01,509.06,1904,1
5m,bbd21df977755393ba8f7c800d26a0bbe67ca6f60788c9226bde3d6828bc5795,afddcf919f97d930192b4d9f2dac8f381a466a98f2f8542d51073076266cac86,2024-07-11,2024-07-11T13:55:00+00:00,2024-07-11T14:00:00+00:00,completed,5,509.05,509.1,509.02,509.07,1905,1
5m,bbd21df977755393ba8f7c800d26a0bbe67ca6f60788c9226bde3d6828bc5795,81333e85cbedd51eb5dc2808f0a7bdf9b93e1c710fa4a5cb103a2b5440ddb56a,2024-07-11,2024-07-11T14:00:00+00:00,2024-07-11T14:05:00+00:00,completed,5,509.06,509.11,509.03,509.08,1906,1
5m,bbd21df977755393ba8f7c800d26a0bbe67ca6f60788c9226bde3d6828bc5795,c0dc9344806b931c5e9557135a3591650172dcf377905f12f05c0e33c3ec9e93,2024-07-11,2024-07-11T14:05:00+00:00,2024-07-11T14:10:00+00:00,completed,5,509.07,509.12,509.04,509.09,1907,1
5m,bbd21df977755393ba8f7c800d26a0bbe67ca6f60788c9226bde3d6828bc5795,f2b2ff1442c5ff8b070963329126c975cfbdebe5afbcae82e1dc78e71276bf41,2024-07-11,2024-07-11T14:10:00+00:00,2024-07-11T14:15:00+00:00,completed,5,509.08,509.13,509.05,509.1,1908,1
5m,bbd21df977755393ba8f7c800d26a0bbe67ca6f60788c9226bde3d6828bc5795,c95f9ecd40f74c2652cf9c738c92c34eeafe2a7d6bc5bd28b0429495d04f8283,2024-07-11,2024-07-11T14:15:00+00:00,2024-07-11T14:20:00+00:00,completed,5,509.09,509.14,509.06,509.11,1909,1
5m,bbd21df977755393ba8f7c800d26a0bbe67ca6f60788c9226bde3d6828bc5795,354df951b16a98a95d263adaafa77cba65d3a26a84ae3aa9c72defef22dff07d,2024-07-11,2024-07-11T14:20:00+00:00,2024-07-11T14:25:00+00:00,completed,5,509.1,509.15,509.07,509.12,1910,1
5m,bbd21df977755393ba8f7c800d26a0bbe67ca6f60788c9226bde3d6828bc5795,a0432f20cdd72e801488f9230bdaaf311d35331cc93ac0f0cdadb707f5bae1c3,2024-07-11,2024-07-11T14:25:00+00:00,2024-07-11T14:30:00+00:00,completed,5,509.11,509.16,509.08,509.13,1911,1
5m,bbd21df977755393ba8f7c800d26a0bbe67ca6f60788c9226bde3d6828bc5795,e5fb71846b63dcfbd9d1983b59327c925b66bc8efcf1b43f5dcd1eca2d617666,2024-07-11,2024-07-11T14:30:00+00:00,2024-07-11T14:35:00+00:00,completed,5,509.12,509.17,509.09,509.14,1912,1
5m,bbd21df977755393ba8f7c800d26a0bbe67ca6f60788c9226bde3d6828bc5795,1d63ef7373f69d1afc75f935fe3a40bd8a83d27441006487925b327e692da42b,2024-07-11,2024-07-11T14:35:00+00:00,2024-07-11T14:40:00+00:00,completed,5,509.13,509.18,509.1,509.15,1913,1
5m,bbd21df977755393ba8f7c800d26a0bbe67ca6f60788c9226bde3d6828bc5795,98ba4b541f219ec4ca213d27f6e0285a3553b722ceaf9d11cf1ebd53e9d69be7,2024-07-11,2024-07-11T14:40:00+00:00,2024-07-11T14:45:00+00:00,completed,5,509.14,509.19,509.11,509.16,1914,1
5m,bbd21df977755393ba8f7c800d26a0bbe67ca6f60788c9226bde3d6828bc5795,3f995f00b138ebfaf9293cea09d47bbaa0a68438dff0b7d27138d1c1b5e16940,2024-07-11,2024-07-11T14:45:00+00:00,2024-07-11T14:50:00+00:00,completed,5,509.15,509.2,509.12,509.17,1915,1
5m,bbd21df977755393ba8f7c800d26a0bbe67ca6f60788c9226bde3d6828bc5795,fd1f9dbc4312562c5ab56e4434420f8e608c390df418ff0af3342f79a954703c,2024-07-11,2024-07-11T14:50:00+00:00,2024-07-11T14:55:00+00:00,completed,5,509.16,509.21,509.13,509.18,1916,1
5m,bbd21df977755393ba8f7c800d26a0bbe67ca6f60788c9226bde3d6828bc5795,43fcae1e46e97debe8d74c713d6d345c5e6d71bcc359499b33b08a1bdb6a42ab,2024-07-11,2024-07-11T14:55:00+00:00,2024-07-11T15:00:00+00:00,completed,5,509.17,509.22,509.14,509.19,1917,1
5m,bbd21df977755393ba8f7c800d26a0bbe67ca6f60788c9226bde3d6828bc5795,5c11bf2ae1543ba662185cf06717362b855917a6072e430de248658760c5f249,2024-07-11,2024-07-11T15:00:00+00:00,2024-07-11T15:05:00+00:00,completed,5,509.18,509.23,509.15,509.2,1918,1
5m,bbd21df977755393ba8f7c800d26a0bbe67ca6f60788c9226bde3d6828bc5795,d0ddd6a515c470ceb848f69e59334eb788c2feb404cd155d983fe481b4892462,2024-07-11,2024-07-11T15:05:00+00:00,2024-07-11T15:10:00+00:00,completed,5,509.19,509.24,509.16,509.21,1919,1
5m,bbd21df977755393ba8f7c800d26a0bbe67ca6f60788c9226bde3d6828bc5795,7d96c23350489a399f7cebc8004a5c25bfbe75559d578f8ad4c48b3ee5e8969d,2024-07-11,2024-07-11T15:10:00+00:00,2024-07-11T15:15:00+00:00,completed,5,509.2,509.25,509.17,509.22,1920,1
5m,bbd21df977755393ba8f7c800d26a0bbe67ca6f60788c9226bde3d6828bc5795,6726d057bb1636c1b0cb5b3a1c5f0f9ce2cc374dbcdbda073adc07a5dad1314d,2024-07-11,2024-07-11T15:15:00+00:00,2024-07-11T15:20:00+00:00,completed,5,509.21,509.26,509.18,509.23,1921,1
5m,bbd21df977755393ba8f7c800d26a0bbe67ca6f60788c9226bde3d6828bc5795,f4fd360cbea8b4098b5292c695ecdacafa462aac26dcb6eaacc98e48e2027c86,2024-07-11,2024-07-11T15:20:00+00:00,2024-07-11T15:25:00+00:00,completed,5,509.22,509.27,509.19,509.24,1922,1
5m,bbd21df977755393ba8f7c800d26a0bbe67ca6f60788c9226bde3d6828bc5795,e689b7aeab152bb0e58a686cad07be271f66369c50b76cc85ef3f030177ad70f,2024-07-11,2024-07-11T15:25:00+00:00,2024-07-11T15:30:00+00:00,completed,5,509.23,509.28,509.2,509.25,1923,1
5m,bbd21df977755393ba8f7c800d26a0bbe67ca6f60788c9226bde3d6828bc5795,de5a04e8de865a793c313bfd6be9fa273850f2f66612d1ba9cfb04e0426f261c,2024-07-11,2024-07-11T15:30:00+00:00,2024-07-11T15:35:00+00:00,completed,5,509.24,509.29,509.21,509.26,1924,1
5m,bbd21df977755393ba8f7c800d26a0bbe67ca6f60788c9226bde3d6828bc5795,a66910d81e2459fa7806b63bcabdcdcc34c229a530eaea0833dcf58e7729a5f9,2024-07-11,2024-07-11T15:35:00+00:00,2024-07-11T15:40:00+00:00,completed,5,509.25,509.3,509.22,509.27,1925,1
5m,bbd21df977755393ba8f7c800d26a0bbe67ca6f60788c9226bde3d6828bc5795,b896dc909342c7c30049c38d79116bbee7555d027c8b3f3b2dbcc5188ce23690,2024-07-11,2024-07-11T15:40:00+00:00,2024-07-11T15:45:00+00:00,completed,5,509.26,509.31,509.23,509.28,1926,1
5m,bbd21df977755393ba8f7c800d26a0bbe67ca6f60788c9226bde3d6828bc5795,368d87a3ff13eb712a6a05f5b31f6166b4cb38342d32e45f4e3563bae12a06de,2024-07-11,2024-07-11T15:45:00+00:00,2024-07-11T15:50:00+00:00,completed,5,509.27,509.32,509.24,509.29,1927,1
5m,bbd21df977755393ba8f7c800d26a0bbe67ca6f60788c9226bde3d6828bc5795,dfc865cd5d5c5a0e0a55a8908e9c3bd5d92ccf2754d5e0f09f78176f99e84493,2024-07-11,2024-07-11T15:50:00+00:00,2024-07-11T15:55:00+00:00,completed,5,509.28,509.33,509.25,509.3,1928,1
5m,bbd21df977755393ba8f7c800d26a0bbe67ca6f60788c9226bde3d6828bc5795,233f1f63f6f50fa74f9e7342d444c9db4da1d8807dfd5da499798a5c73ebd57e,2024-07-11,2024-07-11T15:55:00+00:00,2024-07-11T16:00:00+00:00,completed,5,509.29,509.34,509.26,509.31,1929,1
5m,bbd21df977755393ba8f7c800d26a0bbe67ca6f60788c9226bde3d6828bc5795,e01e9da828a006c46ac591a5e8fb014e41de2df52319c040f9e02b44860c488d,2024-07-11,2024-07-11T16:00:00+00:00,2024-07-11T16:05:00+00:00,completed,5,509.3,509.35,509.27,509.32,1930,1
5m,bbd21df977755393ba8f7c800d26a0bbe67ca6f60788c9226bde3d6828bc5795,204369c226dcffea3cae6bf5bae5d802d563881bcad1a09a3adf7eff13a2d3c7,2024-07-11,2024-07-11T16:05:00+00:00,2024-07-11T16:10:00+00:00,completed,5,509.31,509.36,509.28,509.33,1931,1
5m,bbd21df977755393ba8f7c800d26a0bbe67ca6f60788c9226bde3d6828bc5795,4640f41b4398652f64e23207f36393b9e9541968acb85e5bfd3a164587fd49ba,2024-07-11,2024-07-11T16:10:00+00:00,2024-07-11T16:15:00+00:00,completed,5,509.32,509.37,509.29,509.34,1932,1
5m,bbd21df977755393ba8f7c800d26a0bbe67ca6f60788c9226bde3d6828bc5795,aa8de22ada606da6161cea9f225ba72a45a90b665205df7a6a420d4c3ba8c3ad,2024-07-11,2024-07-11T16:15:00+00:00,2024-07-11T16:20:00+00:00,completed,5,509.33,509.38,509.3,509.35,1933,1
5m,bbd21df977755393ba8f7c800d26a0bbe67ca6f60788c9226bde3d6828bc5795,338501a7126cc65f95d0d1702e4de6701ae4070616fadb74adf39d678cc6b259,2024-07-11,2024-07-11T16:20:00+00:00,2024-07-11T16:25:00+00:00,completed,5,509.34,509.39,509.31,509.36,1934,1
5m,bbd21df977755393ba8f7c800d26a0bbe67ca6f60788c9226bde3d6828bc5795,20e33517be1d0cf7c95d419f7301a55f3572857b10975a7e44bbc4037922bff3,2024-07-11,2024-07-11T16:25:00+00:00,2024-07-11T16:30:00+00:00,completed,5,509.35,509.4,509.32,509.37,1935,1
5m,bbd21df977755393ba8f7c800d26a0bbe67ca6f60788c9226bde3d6828bc5795,fe7f4ff61322dfca111bb264cdc42d71998bb0c0d85c69d77fdd1b76d3fb9122,2024-07-11,2024-07-11T16:30:00+00:00,2024-07-11T16:35:00+00:00,completed,5,509.36,509.41,509.33,509.38,1936,1
5m,bbd21df977755393ba8f7c800d26a0bbe67ca6f60788c9226bde3d6828bc5795,6c4e31588b88ffcb566622c030e68bb07e4172892771a2a247129ec75782ef51,2024-07-11,2024-07-11T16:35:00+00:00,2024-07-11T16:40:00+00:00,completed,5,509.37,509.42,509.34,509.39,1937,1
5m,bbd21df977755393ba8f7c800d26a0bbe67ca6f60788c9226bde3d6828bc5795,4e78aaf6c6173836160b704fc6c529d45b433f598d28e5abf369cd07dacec3a3,2024-07-11,2024-07-11T16:40:00+00:00,2024-07-11T16:45:00+00:00,completed,5,509.38,509.43,509.35,509.4,1938,1
5m,bbd21df977755393ba8f7c800d26a0bbe67ca6f60788c9226bde3d6828bc5795,4fd30ad84d0cbb1bafc70cf03f1a98447db485eaedc5feaa2df6730435bd0768,2024-07-11,2024-07-11T16:45:00+00:00,2024-07-11T16:50:00+00:00,completed,5,509.39,509.44,509.36,509.41,1939,1
5m,bbd21df977755393ba8f7c800d26a0bbe67ca6f60788c9226bde3d6828bc5795,0c66e444f98bde3a5f0b38ce408a43cab29aabc4aef0cb1eb128253e179f8ed4,2024-07-11,2024-07-11T16:50:00+00:00,2024-07-11T16:55:00+00:00,completed,5,509.4,509.45,509.37,509.42,1940,1
5m,bbd21df977755393ba8f7c800d26a0bbe67ca6f60788c9226bde3d6828bc5795,3eba708403dd8d146b2fc46b80a526b9cf4d14734be5b01d0948d9c7da05a988,2024-07-11,2024-07-11T16:55:00+00:00,2024-07-11T17:00:00+00:00,completed,5,509.41,509.46,509.38,509.43,1941,1
5m,bbd21df977755393ba8f7c800d26a0bbe67ca6f60788c9226bde3d6828bc5795,019ba67f64f1faecfbba58e1bd395cc4d31c0269aa8d73c4cfaba03cf123689f,2024-07-11,2024-07-11T17:00:00+00:00,2024-07-11T17:05:00+00:00,completed,5,509.42,509.47,509.39,509.44,1942,1
5m,bbd21df977755393ba8f7c800d26a0bbe67ca6f60788c9226bde3d6828bc5795,6fea98df69076869307f69ddbf769d0981cfd335b2710f6dcd7964fc0e728865,2024-07-11,2024-07-11T17:05:00+00:00,2024-07-11T17:10:00+00:00,completed,5,509.43,509.48,509.4,509.45,1943,1
5m,bbd21df977755393ba8f7c800d26a0bbe67ca6f60788c9226bde3d6828bc5795,d53bff62cc73c7f776a229dbfe93fd65af2023f3c55bb13f3a5cadb1295ce934,2024-07-11,2024-07-11T17:10:00+00:00,2024-07-11T17:15:00+00:00,completed,5,509.44,509.49,509.41,509.46,1944,1
5m,bbd21df977755393ba8f7c800d26a0bbe67ca6f60788c9226bde3d6828bc5795,51af22cbba62d905941626c77f74782b12c4397f162687a4e75c610ce624e46b,2024-07-11,2024-07-11T17:15:00+00:00,2024-07-11T17:20:00+00:00,completed,5,509.45,509.5,509.42,509.47,1945,1
5m,bbd21df977755393ba8f7c800d26a0bbe67ca6f60788c9226bde3d6828bc5795,c57c3f8cbbac35e56f0ac9036bd3f6d65c67c49b8e922e97418d4a595107cef3,2024-07-11,2024-07-11T17:20:00+00:00,2024-07-11T17:25:00+00:00,completed,5,509.46,509.51,509.43,509.48,1946,1
5m,bbd21df977755393ba8f7c800d26a0bbe67ca6f60788c9226bde3d6828bc5795,cbb994feca22ea8b990fed1ffbf19e3f02ff0980571c29dadba298370c681b2c,2024-07-11,2024-07-11T17:25:00+00:00,2024-07-11T17:30:00+00:00,completed,5,509.47,509.52,509.44,509.49,1947,1
5m,bbd21df977755393ba8f7c800d26a0bbe67ca6f60788c9226bde3d6828bc5795,c2fa042bb96230c7a260693e919e7b8ee9d592e9fa05683ca116483348dbacb6,2024-07-11,2024-07-11T17:30:00+00:00,2024-07-11T17:35:00+00:00,completed,5,509.48,509.53,509.45,509.5,1948,1
5m,bbd21df977755393ba8f7c800d26a0bbe67ca6f60788c9226bde3d6828bc5795,90fd17bf60d3db0dcd98f6d02fd38b78c5d2cde2b5d15229bb3ac43f46b916dc,2024-07-11,2024-07-11T17:35:00+00:00,2024-07-11T17:40:00+00:00,completed,5,509.49,509.54,509.46,509.51,1949,1
5m,bbd21df977755393ba8f7c800d26a0bbe67ca6f60788c9226bde3d6828bc5795,af2ec3bf5f4d774ea0354559157293acf1ea236400d3b402cf43cf0793309a9e,2024-07-11,2024-07-11T17:40:00+00:00,2024-07-11T17:45:00+00:00,completed,5,509.5,509.55,509.47,509.52,1950,1
5m,bbd21df977755393ba8f7c800d26a0bbe67ca6f60788c9226bde3d6828bc5795,7e6549dbec9735e17448061034b4eb8ca7ebf835d397e6814d306197c5a76cbd,2024-07-11,2024-07-11T17:45:00+00:00,2024-07-11T17:50:00+00:00,completed,5,509.51,509.56,509.48,509.53,1951,1
5m,bbd21df977755393ba8f7c800d26a0bbe67ca6f60788c9226bde3d6828bc5795,7ecfa6a37f484de77100645d944b6838d070b7ba7851faeec00248391835cd9f,2024-07-11,2024-07-11T17:50:00+00:00,2024-07-11T17:55:00+00:00,completed,5,509.52,509.57,509.49,509.54,1952,1
5m,bbd21df977755393ba8f7c800d26a0bbe67ca6f60788c9226bde3d6828bc5795,ebf0acce0c37067ce66f6e6a91a65b0f1ec44597ce5fd86d7f296455fdf50777,2024-07-11,2024-07-11T17:55:00+00:00,2024-07-11T18:00:00+00:00,completed,5,509.53,509.58,509.5,509.55,1953,1
5m,bbd21df977755393ba8f7c800d26a0bbe67ca6f60788c9226bde3d6828bc5795,06caa26c0a9f23da39e0351e5976c4948009ec45b1cf073c9adaab1bc7cecc62,2024-07-11,2024-07-11T18:00:00+00:00,2024-07-11T18:05:00+00:00,completed,5,509.54,509.59,509.51,509.56,1954,1
5m,bbd21df977755393ba8f7c800d26a0bbe67ca6f60788c9226bde3d6828bc5795,7df51cf777728ddbf4e46fa85dbc3bd58ace74afdd30a77720b6258f7b44f9d1,2024-07-11,2024-07-11T18:05:00+00:00,2024-07-11T18:10:00+00:00,completed,5,509.55,509.6,509.52,509.57,1955,1
5m,bbd21df977755393ba8f7c800d26a0bbe67ca6f60788c9226bde3d6828bc5795,2762c950a82dcce5963f3e14592d2a60484efda404965e226a44071a64b5e628,2024-07-11,2024-07-11T18:10:00+00:00,2024-07-11T18:15:00+00:00,completed,5,509.56,509.61,509.53,509.58,1956,1
5m,bbd21df977755393ba8f7c800d26a0bbe67ca6f60788c9226bde3d6828bc5795,2fcbfd22e360fd2d40895e66d2ccad36845a6e474a01df56c5cf6ba11d457c8d,2024-07-11,2024-07-11T18:15:00+00:00,2024-07-11T18:20:00+00:00,completed,5,509.57,509.62,509.54,509.59,1957,1
5m,bbd21df977755393ba8f7c800d26a0bbe67ca6f60788c9226bde3d6828bc5795,eaa1cc028c2f12eb34da521ea89c0f6a370ba6579c873b31e2d73b35906dea53,2024-07-11,2024-07-11T18:20:00+00:00,2024-07-11T18:25:00+00:00,completed,5,509.58,509.63,509.55,509.6,1958,1
5m,bbd21df977755393ba8f7c800d26a0bbe67ca6f60788c9226bde3d6828bc5795,dfdc5e2c0ed103b4dcfce6ad166445c985e8b7e488955506677c0e8bece776de,2024-07-11,2024-07-11T18:25:00+00:00,2024-07-11T18:30:00+00:00,completed,5,509.59,509.64,509.56,509.61,1959,1
5m,bbd21df977755393ba8f7c800d26a0bbe67ca6f60788c9226bde3d6828bc5795,2fa691ccea0803ddcde628850f8e4e1664985e83c106e58d105c140e8a18cc9b,2024-07-11,2024-07-11T18:30:00+00:00,2024-07-11T18:35:00+00:00,completed,5,509.6,509.65,509.57,509.62,1960,1
5m,bbd21df977755393ba8f7c800d26a0bbe67ca6f60788c9226bde3d6828bc5795,b718d9e24af8662f553b1634ff23f4f133c992c7ca501792f2e8d88b309dc160,2024-07-11,2024-07-11T18:35:00+00:00,2024-07-11T18:40:00+00:00,completed,5,509.61,509.66,509.58,509.63,1961,1
5m,bbd21df977755393ba8f7c800d26a0bbe67ca6f60788c9226bde3d6828bc5795,3255ed406ba9f738222e8ca57f7aef63fc719413a7f9fcca08601787fc33272e,2024-07-11,2024-07-11T18:40:00+00:00,2024-07-11T18:45:00+00:00,completed,5,509.62,509.67,509.59,509.64,1962,1
5m,bbd21df977755393ba8f7c800d26a0bbe67ca6f60788c9226bde3d6828bc5795,c5c426bdf2537b50ef66dc4635eb6433f66fc80e61f43e50fbc31eece64e63fc,2024-07-11,2024-07-11T18:45:00+00:00,2024-07-11T18:50:00+00:00,completed,5,509.63,509.68,509.6,509.65,1963,1
5m,bbd21df977755393ba8f7c800d26a0bbe67ca6f60788c9226bde3d6828bc5795,5f889a8879c4cd6da3a31e2cfd077cbc0344c21f87d8251bf62c0314a0a3a84f,2024-07-11,2024-07-11T18:50:00+00:00,2024-07-11T18:55:00+00:00,completed,5,509.64,509.69,509.61,509.66,1964,1
5m,bbd21df977755393ba8f7c800d26a0bbe67ca6f60788c9226bde3d6828bc5795,e5a75b968750e002f95a3bd3cce7b6aff745c9eb9c5896a700ac47ea50aff286,2024-07-11,2024-07-11T18:55:00+00:00,2024-07-11T19:00:00+00:00,completed,5,509.65,509.7,509.62,509.67,1965,1
5m,bbd21df977755393ba8f7c800d26a0bbe67ca6f60788c9226bde3d6828bc5795,eed3c0b8d0e527344f53dc7ea05ac619373fb7a8591b20bf616f27828c333ef4,2024-07-11,2024-07-11T19:00:00+00:00,2024-07-11T19:05:00+00:00,completed,5,509.66,509.71,509.63,509.68,1966,1
5m,bbd21df977755393ba8f7c800d26a0bbe67ca6f60788c9226bde3d6828bc5795,a6f53cab7148caa280c34b58d52d9f23008bb2fd42091a5f7bca366bf96528bf,2024-07-11,2024-07-11T19:05:00+00:00,2024-07-11T19:10:00+00:00,completed,5,509.67,509.72,509.64,509.69,1967,1
5m,bbd21df977755393ba8f7c800d26a0bbe67ca6f60788c9226bde3d6828bc5795,72ab98860dfb74b3229ff385fb26c27282e94fa11e9c4652c8c96b181174e612,2024-07-11,2024-07-11T19:10:00+00:00,2024-07-11T19:15:00+00:00,completed,5,509.68,509.73,509.65,509.7,1968,1
5m,bbd21df977755393ba8f7c800d26a0bbe67ca6f60788c9226bde3d6828bc5795,95dbf4f788d866ad62ae049cacf190aecc97fd05593ce3e1478be5d6f046c1fe,2024-07-11,2024-07-11T19:15:00+00:00,2024-07-11T19:20:00+00:00,completed,5,509.69,509.74,509.66,509.71,1969,1
5m,bbd21df977755393ba8f7c800d26a0bbe67ca6f60788c9226bde3d6828bc5795,c34b38eaea7ac41b07ee17eed8eca2e7061a73112b242abd01d974de7fabe0e4,2024-07-11,2024-07-11T19:20:00+00:00,2024-07-11T19:25:00+00:00,completed,5,509.7,509.75,509.67,509.72,1970,1
5m,bbd21df977755393ba8f7c800d26a0bbe67ca6f60788c9226bde3d6828bc5795,936800da3f5511dacd7c929a2ffa23ad11df18b4cdd226133bdbe19f940c2a80,2024-07-11,2024-07-11T19:25:00+00:00,2024-07-11T19:30:00+00:00,completed,5,509.71,509.76,509.68,509.73,1971,1
5m,bbd21df977755393ba8f7c800d26a0bbe67ca6f60788c9226bde3d6828bc5795,c258b875011806b34a8c0109f990166877fc18fed708892981ec1d160ee0bbea,2024-07-11,2024-07-11T19:30:00+00:00,2024-07-11T19:35:00+00:00,completed,5,509.72,509.77,509.69,509.74,1972,1
5m,bbd21df977755393ba8f7c800d26a0bbe67ca6f60788c9226bde3d6828bc5795,a809e67a8062e86cf9a273aa75324004768ed7d0bdfca4662aa90fc84359a57d,2024-07-11,2024-07-11T19:35:00+00:00,2024-07-11T19:40:00+00:00,completed,5,509.73,509.78,509.7,509.75,1973,1
5m,bbd21df977755393ba8f7c800d26a0bbe67ca6f60788c9226bde3d6828bc5795,3f2f13ea2482a7bed7ed598ee64caa52168938f862376f33bb29fd9de2dc58e3,2024-07-11,2024-07-11T19:40:00+00:00,2024-07-11T19:45:00+00:00,completed,5,509.74,509.79,509.71,509.76,1974,1
5m,bbd21df977755393ba8f7c800d26a0bbe67ca6f60788c9226bde3d6828bc5795,4db817acbe76d4c29f8e381643ae4d4f2cc7bf0c761e0bd0eb91a90b873589e9,2024-07-11,2024-07-11T19:45:00+00:00,2024-07-11T19:50:00+00:00,completed,5,509.75,509.8,509.72,509.77,1975,1
5m,bbd21df977755393ba8f7c800d26a0bbe67ca6f60788c9226bde3d6828bc5795,50d1e45f9a123272ec9dd3bc6776a8fe372515f549246d4be53950d7518287f6,2024-07-11,2024-07-11T19:50:00+00:00,2024-07-11T19:55:00+00:00,completed,5,509.76,509.81,509.73,509.78,1976,1
5m,bbd21df977755393ba8f7c800d26a0bbe67ca6f60788c9226bde3d6828bc5795,50a78a57f1761e4eb7db6c44f3876ed291dc4ec13a827444d3c4bc96211d2703,2024-07-11,2024-07-11T19:55:00+00:00,2024-07-11T20:00:00+00:00,completed,5,509.77,509.82,509.74,509.79,1977,1
5m,bbd21df977755393ba8f7c800d26a0bbe67ca6f60788c9226bde3d6828bc5795,c4f9284d60e40459ead0268b534fa405083e536cbccb761cfc834a7df66861c6,2024-07-12,2024-07-12T13:30:00+00:00,2024-07-12T13:35:00+00:00,completed,5,509.78,509.83,509.75,509.8,1978,1
5m,bbd21df977755393ba8f7c800d26a0bbe67ca6f60788c9226bde3d6828bc5795,faba7065039ad97104817c97fff7be771ada4ca3a6527efb47603fb3b1bae6b9,2024-07-12,2024-07-12T13:35:00+00:00,2024-07-12T13:40:00+00:00,completed,5,509.79,509.84,509.76,509.81,1979,1
5m,bbd21df977755393ba8f7c800d26a0bbe67ca6f60788c9226bde3d6828bc5795,db829e0bab0ca215caa005bab00cb74f830cee991ce48fa63ae25052437adefa,2024-07-12,2024-07-12T13:40:00+00:00,2024-07-12T13:45:00+00:00,completed,5,509.8,509.85,509.77,509.82,1980,1
5m,bbd21df977755393ba8f7c800d26a0bbe67ca6f60788c9226bde3d6828bc5795,934870dc00eae2eaaf7b8f490f0bd98450db349e63cd2051cc0f1aa46220e8c0,2024-07-12,2024-07-12T13:45:00+00:00,2024-07-12T13:50:00+00:00,completed,5,509.81,509.86,509.78,509.83,1981,1
5m,bbd21df977755393ba8f7c800d26a0bbe67ca6f60788c9226bde3d6828bc5795,a548eccbd55b718c535c6e21e7ec8cef7a1e936cac2f672ebfb2f1d8e364c53c,2024-07-12,2024-07-12T13:50:00+00:00,2024-07-12T13:55:00+00:00,completed,5,509.82,509.87,509.79,509.84,1982,1
5m,bbd21df977755393ba8f7c800d26a0bbe67ca6f60788c9226bde3d6828bc5795,f8172edbd5f84489a568f016b81098bfc0c3993b1b305e005400d394009abec6,2024-07-12,2024-07-12T13:55:00+00:00,2024-07-12T14:00:00+00:00,completed,5,509.83,509.88,509.8,509.85,1983,1
5m,bbd21df977755393ba8f7c800d26a0bbe67ca6f60788c9226bde3d6828bc5795,69499b38b6abd50fc982fcb12437b13d942a5eec04809f98f859f7d700eba959,2024-07-12,2024-07-12T14:00:00+00:00,2024-07-12T14:05:00+00:00,completed,5,509.84,509.89,509.81,509.86,1984,1
5m,bbd21df977755393ba8f7c800d26a0bbe67ca6f60788c9226bde3d6828bc5795,b760beee2632afb846b2c0a291c1d87826a9329a57befb6ba95bf722ac9c8aaa,2024-07-12,2024-07-12T14:05:00+00:00,2024-07-12T14:10:00+00:00,completed,5,509.85,509.9,509.82,509.87,1985,1
5m,bbd21df977755393ba8f7c800d26a0bbe67ca6f60788c9226bde3d6828bc5795,2e6d18d9c7fb856822d9593db564ed76ef447ee2196f449bc181cb6886d713de,2024-07-12,2024-07-12T14:10:00+00:00,2024-07-12T14:15:00+00:00,completed,5,509.86,509.91,509.83,509.88,1986,1
5m,bbd21df977755393ba8f7c800d26a0bbe67ca6f60788c9226bde3d6828bc5795,c94805e905b00a0d3d2187c7bece4e512c0c1e18a71acb7013e25bba83487274,2024-07-12,2024-07-12T14:15:00+00:00,2024-07-12T14:20:00+00:00,completed,5,509.87,509.92,509.84,509.89,1987,1
5m,bbd21df977755393ba8f7c800d26a0bbe67ca6f60788c9226bde3d6828bc5795,471d8e3201be22718a36a54808baa5260a7c1dc3bbaacbd1951c7a99ed8705da,2024-07-12,2024-07-12T14:20:00+00:00,2024-07-12T14:25:00+00:00,completed,5,509.88,509.93,509.85,509.9,1988,1
5m,bbd21df977755393ba8f7c800d26a0bbe67ca6f60788c9226bde3d6828bc5795,2c247df4784b9e2e21092f7aad31aed10313dae63ecb4eaa58e3aa3443d5ea35,2024-07-12,2024-07-12T14:25:00+00:00,2024-07-12T14:30:00+00:00,completed,5,509.89,509.94,509.86,509.91,1989,1
5m,bbd21df977755393ba8f7c800d26a0bbe67ca6f60788c9226bde3d6828bc5795,18cb1f25e85eecdcc1248118fc0cfc936e06a26ed5f8e878e56ad35ad6b38e88,2024-07-12,2024-07-12T14:30:00+00:00,2024-07-12T14:35:00+00:00,completed,5,509.9,509.95,509.87,509.92,1990,1
5m,bbd21df977755393ba8f7c800d26a0bbe67ca6f60788c9226bde3d6828bc5795,49be8f832b0dadf23c548ac0206c2de9d9ede3c62db94cd364cc3e4e3ae6b34b,2024-07-12,2024-07-12T14:35:00+00:00,2024-07-12T14:40:00+00:00,completed,5,509.91,509.96,509.88,509.93,1991,1
5m,bbd21df977755393ba8f7c800d26a0bbe67ca6f60788c9226bde3d6828bc5795,e2ba1d4b859118a952402ec88eeea66dd5ce8224b0fdc18c8d94fc59232102bd,2024-07-12,2024-07-12T14:40:00+00:00,2024-07-12T14:45:00+00:00,completed,5,509.92,509.97,509.89,509.94,1992,1
5m,bbd21df977755393ba8f7c800d26a0bbe67ca6f60788c9226bde3d6828bc5795,39d0cd33ecb9e2e9df91e4b685d0d511de7b0a348024b56dd3b4a88e3e6f56b3,2024-07-12,2024-07-12T14:45:00+00:00,2024-07-12T14:50:00+00:00,completed,5,509.93,509.98,509.9,509.95,1993,1
5m,bbd21df977755393ba8f7c800d26a0bbe67ca6f60788c9226bde3d6828bc5795,f146739ee7a5f01f9367b440a982cffd49514656c7403a5817677fec9638f3ec,2024-07-12,2024-07-12T14:50:00+00:00,2024-07-12T14:55:00+00:00,completed,5,509.94,509.99,509.91,509.96,1994,1
5m,bbd21df977755393ba8f7c800d26a0bbe67ca6f60788c9226bde3d6828bc5795,f68843b0a722910340ca2277f18760a722d2180a48694f588bd14291fbac0231,2024-07-12,2024-07-12T14:55:00+00:00,2024-07-12T15:00:00+00:00,completed,5,509.95,510,509.92,509.97,1995,1
5m,bbd21df977755393ba8f7c800d26a0bbe67ca6f60788c9226bde3d6828bc5795,ef200d3b26b64e57a547a00305fa2358ae6f78deafe7b4e17e9b4646a86021b2,2024-07-12,2024-07-12T15:00:00+00:00,2024-07-12T15:05:00+00:00,completed,5,509.96,510.01,509.93,509.98,1996,1
5m,bbd21df977755393ba8f7c800d26a0bbe67ca6f60788c9226bde3d6828bc5795,ec0357dc7b2286c8abbdb8b8966f5376ace940a0d58c745c89b770e67eb471f8,2024-07-12,2024-07-12T15:05:00+00:00,2024-07-12T15:10:00+00:00,completed,5,509.97,510.02,509.94,509.99,1997,1
5m,bbd21df977755393ba8f7c800d26a0bbe67ca6f60788c9226bde3d6828bc5795,b7275b4e06c0306d01d9077a17d3eb50a884ec6c4f01cbc3c48aed25ee9ca658,2024-07-12,2024-07-12T15:10:00+00:00,2024-07-12T15:15:00+00:00,completed,5,509.98,510.03,509.95,510,1998,1
5m,bbd21df977755393ba8f7c800d26a0bbe67ca6f60788c9226bde3d6828bc5795,7ea4ba7cb4ab8366cba1427ea9278eab44a2ae623c38a88844249d10ee9f0adb,2024-07-12,2024-07-12T15:15:00+00:00,2024-07-12T15:20:00+00:00,completed,5,509.99,510.04,509.96,510.01,1999,1
5m,bbd21df977755393ba8f7c800d26a0bbe67ca6f60788c9226bde3d6828bc5795,c5a4c01712d08148a93efb22524c6ffd3a99779aed858bf81a1206c99a4ae8fb,2024-07-12,2024-07-12T15:20:00+00:00,2024-07-12T15:25:00+00:00,completed,5,510,510.05,509.97,510.02,2000,1
5m,bbd21df977755393ba8f7c800d26a0bbe67ca6f60788c9226bde3d6828bc5795,32d87af0c0d0109fb9a88fea5b6bbdc397dc114a313f2ed130546874b80900bd,2024-07-12,2024-07-12T15:25:00+00:00,2024-07-12T15:30:00+00:00,completed,5,510.01,510.06,509.98,510.03,2001,1
5m,bbd21df977755393ba8f7c800d26a0bbe67ca6f60788c9226bde3d6828bc5795,ab4ccb74e4cbd444fab99979da79c5480f9149e2517b76f39faadd191785f7e5,2024-07-12,2024-07-12T15:30:00+00:00,2024-07-12T15:35:00+00:00,completed,5,510.02,510.07,509.99,510.04,2002,1
5m,bbd21df977755393ba8f7c800d26a0bbe67ca6f60788c9226bde3d6828bc5795,0f67100c38cefd4e97ee2ba0e814d4d2240953855e0b1a58ca4d6308fbd0c0de,2024-07-12,2024-07-12T15:35:00+00:00,2024-07-12T15:40:00+00:00,completed,5,510.03,510.08,510,510.05,2003,1
5m,bbd21df977755393ba8f7c800d26a0bbe67ca6f60788c9226bde3d6828bc5795,e6d3063cee6d07a5280996b1334c08f5096d6d2b8bb2e8fb24d833cd78d357b7,2024-07-12,2024-07-12T15:40:00+00:00,2024-07-12T15:45:00+00:00,completed,5,510.04,510.09,510.01,510.06,2004,1
5m,bbd21df977755393ba8f7c800d26a0bbe67ca6f60788c9226bde3d6828bc5795,e75ba875ab15372d48672f57899a0a3099ec92bc0c2b28276e8d3d60a7fea309,2024-07-12,2024-07-12T15:45:00+00:00,2024-07-12T15:50:00+00:00,completed,5,510.05,510.1,510.02,510.07,2005,1
5m,bbd21df977755393ba8f7c800d26a0bbe67ca6f60788c9226bde3d6828bc5795,4f878adcbe61c63f8d887239e43970262d6154d196753133a617f5d339d21758,2024-07-12,2024-07-12T15:50:00+00:00,2024-07-12T15:55:00+00:00,completed,5,510.06,510.11,510.03,510.08,2006,1
5m,bbd21df977755393ba8f7c800d26a0bbe67ca6f60788c9226bde3d6828bc5795,2eb07afd7144f078216e65d0c4a491c0a591846b2ec123ebd77c58a037a8f95e,2024-07-12,2024-07-12T15:55:00+00:00,2024-07-12T16:00:00+00:00,completed,5,510.07,510.12,510.04,510.09,2007,1
5m,bbd21df977755393ba8f7c800d26a0bbe67ca6f60788c9226bde3d6828bc5795,157ecbf35886d4f0684e229b0e8c89f927a99ca2a1cdab3dc042c927e3203a9c,2024-07-12,2024-07-12T16:00:00+00:00,2024-07-12T16:05:00+00:00,completed,5,510.08,510.13,510.05,510.1,2008,1
5m,bbd21df977755393ba8f7c800d26a0bbe67ca6f60788c9226bde3d6828bc5795,d712f92a7c2aa3f665ff259dd603a02240f17f7d8c07c00655ac9d683ee7dabf,2024-07-12,2024-07-12T16:05:00+00:00,2024-07-12T16:10:00+00:00,completed,5,510.09,510.14,510.06,510.11,2009,1
5m,bbd21df977755393ba8f7c800d26a0bbe67ca6f60788c9226bde3d6828bc5795,75955a677b946fe5fc01cf47cf4c6bf75a313e15e5ddb0874f6e41c990a4f125,2024-07-12,2024-07-12T16:10:00+00:00,2024-07-12T16:15:00+00:00,completed,5,510.1,510.15,510.07,510.12,2010,1
5m,bbd21df977755393ba8f7c800d26a0bbe67ca6f60788c9226bde3d6828bc5795,97406046ce6534be483c24932b7ea26e82c4b8679d1b260df12498251a444122,2024-07-12,2024-07-12T16:15:00+00:00,2024-07-12T16:20:00+00:00,completed,5,510.11,510.16,510.08,510.13,2011,1
5m,bbd21df977755393ba8f7c800d26a0bbe67ca6f60788c9226bde3d6828bc5795,ce02f14dbd51880b64ca3d2209d909401578aed471c35426215cab9a87c65af9,2024-07-12,2024-07-12T16:20:00+00:00,2024-07-12T16:25:00+00:00,completed,5,510.12,510.17,510.09,510.14,2012,1
5m,bbd21df977755393ba8f7c800d26a0bbe67ca6f60788c9226bde3d6828bc5795,a835498e6031efec9c9c05df71746bcec59a5d9c8bfa76f3ba2c56d66e12e187,2024-07-12,2024-07-12T16:25:00+00:00,2024-07-12T16:30:00+00:00,completed,5,510.13,510.18,510.1,510.15,2013,1
5m,bbd21df977755393ba8f7c800d26a0bbe67ca6f60788c9226bde3d6828bc5795,5798cdc031b74dd5c0916b480bae313b507725149c7901bcb95126780030e747,2024-07-12,2024-07-12T16:30:00+00:00,2024-07-12T16:35:00+00:00,completed,5,510.14,510.19,510.11,510.16,2014,1
5m,bbd21df977755393ba8f7c800d26a0bbe67ca6f60788c9226bde3d6828bc5795,732bdd3f660bcca3aa7206e525b86900115d54a4a056b84b851912f0169e0348,2024-07-12,2024-07-12T16:35:00+00:00,2024-07-12T16:40:00+00:00,completed,5,510.15,510.2,510.12,510.17,2015,1
5m,bbd21df977755393ba8f7c800d26a0bbe67ca6f60788c9226bde3d6828bc5795,96e290e3b556fbe725dc634b14f6d6b1b0147cb5161bedeefffe4c080eb4da8b,2024-07-12,2024-07-12T16:40:00+00:00,2024-07-12T16:45:00+00:00,completed,5,510.16,510.21,510.13,510.18,2016,1
5m,bbd21df977755393ba8f7c800d26a0bbe67ca6f60788c9226bde3d6828bc5795,44d73c900821d1f4fba37751ca8551789ea8296fbadddd6654a78d85d010f314,2024-07-12,2024-07-12T16:45:00+00:00,2024-07-12T16:50:00+00:00,completed,5,510.17,510.22,510.14,510.19,2017,1
5m,bbd21df977755393ba8f7c800d26a0bbe67ca6f60788c9226bde3d6828bc5795,fffc322a4485256f3895b7378379ce60f7e1e691e7f390cf8354afa3b7b1a4a3,2024-07-12,2024-07-12T16:50:00+00:00,2024-07-12T16:55:00+00:00,completed,5,510.18,510.23,510.15,510.2,2018,1
5m,bbd21df977755393ba8f7c800d26a0bbe67ca6f60788c9226bde3d6828bc5795,27df6220d350073996bfd7fd4b6b167f40546fa71ac99ced7972db58bceefc12,2024-07-12,2024-07-12T16:55:00+00:00,2024-07-12T17:00:00+00:00,completed,5,510.19,510.24,510.16,510.21,2019,1
5m,bbd21df977755393ba8f7c800d26a0bbe67ca6f60788c9226bde3d6828bc5795,7e025d23a72989d610792e4987a7df3c289e2b43cf3d8c394001e2a09b44a0b8,2024-07-12,2024-07-12T17:00:00+00:00,2024-07-12T17:05:00+00:00,completed,5,510.2,510.25,510.17,510.22,2020,1
5m,bbd21df977755393ba8f7c800d26a0bbe67ca6f60788c9226bde3d6828bc5795,7c769c49eb14775ddf602f5e4bed85ba39fd6f29d9be73ea4c8d8c874136e342,2024-07-12,2024-07-12T17:05:00+00:00,2024-07-12T17:10:00+00:00,completed,5,510.21,510.26,510.18,510.23,2021,1
5m,bbd21df977755393ba8f7c800d26a0bbe67ca6f60788c9226bde3d6828bc5795,617ea7ecafd186ce0ce65165302cd94e0536d78dfa94b2a49280f35cdc61e861,2024-07-12,2024-07-12T17:10:00+00:00,2024-07-12T17:15:00+00:00,completed,5,510.22,510.27,510.19,510.24,2022,1
5m,bbd21df977755393ba8f7c800d26a0bbe67ca6f60788c9226bde3d6828bc5795,608825ff93819456e05bf008bfb74ed3ecd0271cf92f005815ec4094e6be2711,2024-07-12,2024-07-12T17:15:00+00:00,2024-07-12T17:20:00+00:00,completed,5,510.23,510.28,510.2,510.25,2023,1
5m,bbd21df977755393ba8f7c800d26a0bbe67ca6f60788c9226bde3d6828bc5795,fb4e89609038ee54d053d9353eaa828f2eefac88d624951a0b7cccabc479d341,2024-07-12,2024-07-12T17:20:00+00:00,2024-07-12T17:25:00+00:00,completed,5,510.24,510.29,510.21,510.26,2024,1
5m,bbd21df977755393ba8f7c800d26a0bbe67ca6f60788c9226bde3d6828bc5795,9ad08b3608d9564b61f98336e72a601a4df510022265e4b97c8999d0aa2dfce0,2024-07-12,2024-07-12T17:25:00+00:00,2024-07-12T17:30:00+00:00,completed,5,510.25,510.3,510.22,510.27,2025,1
5m,bbd21df977755393ba8f7c800d26a0bbe67ca6f60788c9226bde3d6828bc5795,6d6b87ba00d55fc0c0a77ac6928d9ea394d67ca7ece8db59515fdf54b9afeda0,2024-07-12,2024-07-12T17:30:00+00:00,2024-07-12T17:35:00+00:00,completed,5,510.26,510.31,510.23,510.28,2026,1
5m,bbd21df977755393ba8f7c800d26a0bbe67ca6f60788c9226bde3d6828bc5795,4ee9d21224d83478b69143c3c4922e514cdae2333155c5ac83076676306f91fb,2024-07-12,2024-07-12T17:35:00+00:00,2024-07-12T17:40:00+00:00,completed,5,510.27,510.32,510.24,510.29,2027,1
5m,bbd21df977755393ba8f7c800d26a0bbe67ca6f60788c9226bde3d6828bc5795,cacb2602b46dddb7e61532f9b3b6a976274c318733cf0cad742975d92558556d,2024-07-12,2024-07-12T17:40:00+00:00,2024-07-12T17:45:00+00:00,completed,5,510.28,510.33,510.25,510.3,2028,1
5m,bbd21df977755393ba8f7c800d26a0bbe67ca6f60788c9226bde3d6828bc5795,7f0b087e580b21d9fefb83b3e4260585ae2b5a3999d2e31fb1fa0e1dc78679c1,2024-07-12,2024-07-12T17:45:00+00:00,2024-07-12T17:50:00+00:00,completed,5,510.29,510.34,510.26,510.31,2029,1
5m,bbd21df977755393ba8f7c800d26a0bbe67ca6f60788c9226bde3d6828bc5795,57fca14592fc041d7f75589b4bb3524577a9546cbd67e7be1bf281d327c34e16,2024-07-12,2024-07-12T17:50:00+00:00,2024-07-12T17:55:00+00:00,completed,5,510.3,510.35,510.27,510.32,2030,1
5m,bbd21df977755393ba8f7c800d26a0bbe67ca6f60788c9226bde3d6828bc5795,593aa5d0401f4768476fa078719957bb09a87987839e427aa0056fd905a5a0de,2024-07-12,2024-07-12T17:55:00+00:00,2024-07-12T18:00:00+00:00,completed,5,510.31,510.36,510.28,510.33,2031,1
5m,bbd21df977755393ba8f7c800d26a0bbe67ca6f60788c9226bde3d6828bc5795,abb979887d24e9c4db81056c68becfb3d738f74eee9863abe04d10337b9dce4c,2024-07-12,2024-07-12T18:00:00+00:00,2024-07-12T18:05:00+00:00,completed,5,510.32,510.37,510.29,510.34,2032,1
5m,bbd21df977755393ba8f7c800d26a0bbe67ca6f60788c9226bde3d6828bc5795,ddc6a222c916116f69bc8b181648ed499d6888204b50c4473a4a44708f78ddc5,2024-07-12,2024-07-12T18:05:00+00:00,2024-07-12T18:10:00+00:00,completed,5,510.33,510.38,510.3,510.35,2033,1
5m,bbd21df977755393ba8f7c800d26a0bbe67ca6f60788c9226bde3d6828bc5795,1e2eb474f870e71818e6fac28e553a88711321e9d56815de2607c9097dfd2e46,2024-07-12,2024-07-12T18:10:00+00:00,2024-07-12T18:15:00+00:00,completed,5,510.34,510.39,510.31,510.36,2034,1
5m,bbd21df977755393ba8f7c800d26a0bbe67ca6f60788c9226bde3d6828bc5795,cba48b0761eb727c553426884733a61e0109b959708314325e0f9569d5491264,2024-07-12,2024-07-12T18:15:00+00:00,2024-07-12T18:20:00+00:00,completed,5,510.35,510.4,510.32,510.37,2035,1
5m,bbd21df977755393ba8f7c800d26a0bbe67ca6f60788c9226bde3d6828bc5795,c75abc81736feb23607d2818f79e27ea0528a60b0d5145e696e7238765f67270,2024-07-12,2024-07-12T18:20:00+00:00,2024-07-12T18:25:00+00:00,completed,5,510.36,510.41,510.33,510.38,2036,1
5m,bbd21df977755393ba8f7c800d26a0bbe67ca6f60788c9226bde3d6828bc5795,6595a8a493448e6de3a139c7085d1e1477c1569783e86f00666bc1b386c9dba1,2024-07-12,2024-07-12T18:25:00+00:00,2024-07-12T18:30:00+00:00,completed,5,510.37,510.42,510.34,510.39,2037,1
5m,bbd21df977755393ba8f7c800d26a0bbe67ca6f60788c9226bde3d6828bc5795,fcb0edf38076eae01998f0a316e5a9ff8dec9507478181d59c51cde12b37022d,2024-07-12,2024-07-12T18:30:00+00:00,2024-07-12T18:35:00+00:00,completed,5,510.38,510.43,510.35,510.4,2038,1
5m,bbd21df977755393ba8f7c800d26a0bbe67ca6f60788c9226bde3d6828bc5795,871c67c9490573db0ce3246e742e297fe2ff6c18fd1529b14b8ff4708189d63b,2024-07-12,2024-07-12T18:35:00+00:00,2024-07-12T18:40:00+00:00,completed,5,510.39,510.44,510.36,510.41,2039,1
5m,bbd21df977755393ba8f7c800d26a0bbe67ca6f60788c9226bde3d6828bc5795,9f1bb6e8c1c685786eb40018c6dfdb97abaf6cce0bf58f5c36f02fe89aa1bb22,2024-07-12,2024-07-12T18:40:00+00:00,2024-07-12T18:45:00+00:00,completed,5,510.4,510.45,510.37,510.42,2040,1
5m,bbd21df977755393ba8f7c800d26a0bbe67ca6f60788c9226bde3d6828bc5795,bfc343cd0027f50253946f76258b7ea95dfe21891f48fe95a7c7884223b317b7,2024-07-12,2024-07-12T18:45:00+00:00,2024-07-12T18:50:00+00:00,completed,5,510.41,510.46,510.38,510.43,2041,1
5m,bbd21df977755393ba8f7c800d26a0bbe67ca6f60788c9226bde3d6828bc5795,78c61eda491c7dc9a9ded07f6b94a050c101d4c688a957d17dc6f645d98ae72f,2024-07-12,2024-07-12T18:50:00+00:00,2024-07-12T18:55:00+00:00,completed,5,510.42,510.47,510.39,510.44,2042,1
5m,bbd21df977755393ba8f7c800d26a0bbe67ca6f60788c9226bde3d6828bc5795,11f91b805c1d6da84f0c104dc7d74ac236989e6fca973f451d2951691d14a125,2024-07-12,2024-07-12T18:55:00+00:00,2024-07-12T19:00:00+00:00,completed,5,510.43,510.48,510.4,510.45,2043,1
5m,bbd21df977755393ba8f7c800d26a0bbe67ca6f60788c9226bde3d6828bc5795,bd168a72107c332523eb970c1b552c386704637b83112c83a682387f84519b4c,2024-07-12,2024-07-12T19:00:00+00:00,2024-07-12T19:05:00+00:00,completed,5,510.44,510.49,510.41,510.46,2044,1
5m,bbd21df977755393ba8f7c800d26a0bbe67ca6f60788c9226bde3d6828bc5795,468e3ae916430c7eda683afd7ad5a11158d4ce7d161b859d71aee2c93fc37f50,2024-07-12,2024-07-12T19:05:00+00:00,2024-07-12T19:10:00+00:00,completed,5,510.45,510.5,510.42,510.47,2045,1
5m,bbd21df977755393ba8f7c800d26a0bbe67ca6f60788c9226bde3d6828bc5795,b9c9cde4e6549beb43d37b8fd78a8dbc9d09ab0487b932793c3f5d4365058de8,2024-07-12,2024-07-12T19:10:00+00:00,2024-07-12T19:15:00+00:00,completed,5,510.46,510.51,510.43,510.48,2046,1
5m,bbd21df977755393ba8f7c800d26a0bbe67ca6f60788c9226bde3d6828bc5795,16c23becfe2f523a262e1e59b0342f12844c7ac8ba390b73522f0b899469d55c,2024-07-12,2024-07-12T19:15:00+00:00,2024-07-12T19:20:00+00:00,completed,5,510.47,510.52,510.44,510.49,2047,1
5m,bbd21df977755393ba8f7c800d26a0bbe67ca6f60788c9226bde3d6828bc5795,811a71bb6cd828249c78354fc21edbfadc00c7e715c74c6c4b3a8cdd61f701c7,2024-07-12,2024-07-12T19:20:00+00:00,2024-07-12T19:25:00+00:00,completed,5,510.48,510.53,510.45,510.5,2048,1
5m,bbd21df977755393ba8f7c800d26a0bbe67ca6f60788c9226bde3d6828bc5795,ea30a03ba37cdad19d81b82d62b81adefa7f162acb66ad4ab1c4d8095244926c,2024-07-12,2024-07-12T19:25:00+00:00,2024-07-12T19:30:00+00:00,completed,5,510.49,510.54,510.46,510.51,2049,1
5m,bbd21df977755393ba8f7c800d26a0bbe67ca6f60788c9226bde3d6828bc5795,052084ec8b2cab1077dccdf011f683562ae9c245f4feffedd9d572037d7528db,2024-07-12,2024-07-12T19:30:00+00:00,2024-07-12T19:35:00+00:00,completed,5,510.5,510.55,510.47,510.52,2050,1
5m,bbd21df977755393ba8f7c800d26a0bbe67ca6f60788c9226bde3d6828bc5795,d9c21a7c3e466dee1c9b5359e63cf5df5c4be48b545b6bfc7eaa47ec43bfd0f6,2024-07-12,2024-07-12T19:35:00+00:00,2024-07-12T19:40:00+00:00,completed,5,510.51,510.56,510.48,510.53,2051,1
5m,bbd21df977755393ba8f7c800d26a0bbe67ca6f60788c9226bde3d6828bc5795,9e161b4df2034b1129bf6581fa1e149d0e6dacd98e2328ce903285b5daee0137,2024-07-12,2024-07-12T19:40:00+00:00,2024-07-12T19:45:00+00:00,completed,5,510.52,510.57,510.49,510.54,2052,1
5m,bbd21df977755393ba8f7c800d26a0bbe67ca6f60788c9226bde3d6828bc5795,076db9dbdd753d49f5fa227c94ddc5973bcb6f8461efe85c122aae226e7fecba,2024-07-12,2024-07-12T19:45:00+00:00,2024-07-12T19:50:00+00:00,completed,5,510.53,510.58,510.5,510.55,2053,1
5m,bbd21df977755393ba8f7c800d26a0bbe67ca6f60788c9226bde3d6828bc5795,1ae954835d4ff1314e41562f039f9b22eeacd2028b3811a94c1c5a099f746969,2024-07-12,2024-07-12T19:50:00+00:00,2024-07-12T19:55:00+00:00,completed,5,510.54,510.59,510.51,510.56,2054,1
5m,bbd21df977755393ba8f7c800d26a0bbe67ca6f60788c9226bde3d6828bc5795,0916912e927f8fc5a8cd1a163d214d5672e06a19b756aa5dd84db1402d2f7403,2024-07-12,2024-07-12T19:55:00+00:00,2024-07-12T20:00:00+00:00,completed,5,510.55,510.6,510.52,510.57,2055,1
